url,UsingIP,LongURL,ShortURL,Symbol@,Redirecting//,PrefixSuffix-,SubDomains,HTTPS,DomainRegLen,Favicon,NonStdPort,HTTPSDomainURL,RequestURL,AnchorURL,LinksInScriptTags,ServerFormHandler,InfoEmail,AbnormalURL,WebsiteForwarding,StatusBarCust,DisableRightClick,UsingPopupWindow,IframeRedirection,AgeofDomain,DNSRecording,WebsiteTraffic,PageRank,GoogleIndex,LinksPointingToPage,StatsReport,class
https://003ms.ru,1,1,1,1,1,1,1,1,1,0,1,1,-1,-1,0,1,-1,1,1,1,1,1,1,1,1,0,0,1,0,1,1
https://394m.casino,1,1,1,1,1,1,1,1,-1,0,1,1,-1,0,-1,0,0,1,-1,0,0,0,0,-1,-1,0,0,1,-1,1,1
https://3c2asports.org,1,1,1,1,1,1,1,1,1,0,1,1,0,0,0,1,1,1,1,1,1,1,1,1,1,0,0,1,1,1,1
https://2026specialolympicsusagames.org,1,1,1,1,1,1,1,1,1,1,1,1,-1,1,0,1,-1,1,1,1,1,1,1,1,1,0,0,1,-1,1,1
https://2c9hp.com,1,1,1,1,1,1,1,1,1,1,1,1,0,0,0,1,1,1,1,1,1,1,1,1,1,0,0,1,1,1,1
https://1xbet-oxsf.top,1,1,1,1,1,-1,1,1,1,0,1,1,0,0,0,1,1,1,1,1,1,1,1,-1,-1,0,0,1,1,1,1
https://55ww97.com,1,1,1,1,1,1,1,1,1,1,1,1,0,0,0,1,1,1,1,1,1,1,1,1,1,0,0,1,1,1,1
https://678bd-en.com,1,1,1,1,1,-1,1,1,1,1,1,1,-1,-1,0,1,1,1,1,1,1,1,1,1,1,0,0,1,-1,1,1
https://89z33.com,1,1,1,1,1,1,1,1,1,1,1,1,0,0,0,1,1,1,1,1,1,1,1,1,1,0,0,1,1,1,1
https://67tx.com,1,1,1,1,1,1,1,1,1,0,1,1,-1,0,-1,0,0,1,-1,0,0,0,0,1,1,0,0,1,-1,1,1
https://1xbeteg.com,1,1,1,1,1,1,1,1,1,-1,1,1,0,-1,1,1,1,1,1,1,1,1,1,1,1,0,0,1,1,1,1
https://52pi.com,1,1,1,1,1,1,1,1,1,1,1,1,-1,-1,-1,0,-1,1,1,1,1,1,1,1,1,0,0,1,-1,1,1
https://2mhost.com,1,1,1,1,1,1,1,1,1,1,1,1,1,-1,0,1,1,1,1,1,1,1,1,1,1,0,0,1,-1,1,1
https://30millionsdamis.fr,1,1,1,1,1,1,1,1,1,1,1,1,-1,-1,-1,0,1,1,1,1,1,1,1,1,1,0,0,1,-1,1,1
https://2beeg.me,1,1,1,1,1,1,1,1,1,1,1,1,-1,-1,0,1,1,1,1,1,1,1,1,1,1,0,0,1,-1,1,1
https://03koinu.ne.jp,1,1,1,1,1,1,0,1,-1,1,1,1,-1,1,0,1,1,1,1,1,1,1,1,-1,-1,0,0,1,-1,1,1
https://3223.net,1,1,1,1,1,1,1,1,1,0,1,1,-1,0,-1,0,0,1,-1,0,0,0,0,1,1,0,0,1,-1,1,1
https://99xo.games,1,1,1,1,1,1,1,1,-1,1,1,1,-1,0,0,1,1,1,1,1,1,1,1,-1,-1,0,0,1,-1,1,1
https://adorn.nl,1,1,1,1,1,1,1,1,-1,1,1,1,-1,-1,0,0,1,1,1,1,1,1,1,1,1,0,0,1,-1,1,1
https://334m.casino,1,1,1,1,1,1,1,1,-1,0,1,1,-1,0,-1,0,0,1,-1,0,0,0,0,-1,-1,0,0,1,-1,1,1
https://9477.casino,1,1,1,1,1,1,1,1,-1,1,1,1,0,1,-1,1,1,1,1,1,1,1,1,-1,-1,0,0,1,-1,1,1
https://51hvac.com,1,1,1,1,1,1,1,1,1,0,1,1,-1,0,-1,0,0,1,-1,0,0,0,0,1,1,0,0,1,-1,1,1
https://8k2132c.top,1,1,1,1,1,1,1,1,1,-1,1,1,0,0,1,1,1,1,1,1,1,1,1,1,1,0,0,1,1,1,1
https://9nbetpay.com,1,1,1,1,1,1,1,1,1,0,1,1,-1,0,-1,0,0,1,-1,0,0,0,0,1,1,0,0,1,-1,1,1
https://a1on.mk,1,1,1,1,1,1,1,1,-1,1,1,1,-1,1,0,1,1,1,1,1,1,1,1,-1,-1,0,0,1,-1,1,1
https://adsc.gov.ae,1,1,1,1,1,1,0,1,-1,0,1,1,-1,0,-1,0,0,1,-1,0,0,0,0,-1,-1,0,0,1,-1,1,1
https://addthisedge.com,1,1,1,1,1,1,1,1,1,0,1,1,-1,0,-1,0,0,1,-1,0,0,0,0,1,1,0,0,1,-1,1,1
https://adsngoaitroi.vn,1,1,1,1,1,1,1,1,-1,1,1,1,-1,1,-1,1,1,1,1,1,1,1,-1,-1,-1,0,0,1,-1,1,1
https://abcschoolsupplies.ie,1,1,1,1,1,1,1,1,1,1,1,1,0,-1,0,0,1,1,1,1,1,1,1,1,1,0,0,1,-1,1,1
https://789bet2.com,1,1,1,1,1,1,1,1,-1,1,1,1,0,0,0,1,1,1,1,1,1,1,1,-1,-1,0,0,1,1,1,1
https://aims.edu.ph,1,1,1,1,1,1,0,1,-1,0,1,1,-1,0,-1,0,0,1,-1,0,0,0,0,-1,-1,0,0,1,-1,1,1
https://ahmedabadcity.gov.in,1,1,1,1,1,1,0,1,1,0,1,1,-1,0,-1,0,0,1,-1,0,0,0,0,1,1,0,0,1,-1,1,1
https://acmgroup.ae,1,1,1,1,1,1,1,1,-1,-1,1,1,1,0,1,1,-1,1,1,1,1,1,1,-1,-1,0,0,1,-1,1,1
https://akonet.com.pl,1,1,1,1,1,1,0,1,1,0,1,1,-1,0,-1,0,0,1,-1,0,0,0,0,1,1,0,0,1,-1,1,1
https://aarpdriversafety.org,1,1,1,1,1,1,1,1,1,1,1,1,1,0,0,1,1,1,1,1,1,1,1,1,1,0,0,1,-1,1,1
https://allianz.co.id,1,1,1,1,1,1,0,1,-1,0,1,1,0,0,0,1,1,1,1,1,1,1,1,-1,-1,0,0,1,1,1,1
https://amigo2.ne.jp,1,1,1,1,1,1,0,1,-1,0,1,1,-1,0,-1,0,0,1,-1,0,0,0,0,-1,-1,0,0,1,-1,1,1
https://aerospacebuying.com,1,1,1,1,1,1,1,1,1,0,1,1,0,0,0,1,1,1,1,1,1,1,1,1,1,0,0,1,1,1,1
https://aier.org,1,1,1,1,1,1,1,1,1,1,1,1,0,1,-1,1,1,1,1,1,1,1,1,1,1,0,0,1,-1,1,1
https://aha.org,1,1,1,1,1,1,1,1,1,1,1,1,-1,-1,-1,0,1,1,1,1,1,1,-1,1,1,0,0,1,-1,1,1
https://alana.org.br,1,1,1,1,1,1,0,1,1,1,1,1,-1,0,0,1,1,1,1,1,1,1,1,1,1,0,0,1,-1,1,1
https://anru33.site,1,1,1,1,1,1,1,1,-1,0,1,1,0,0,0,1,1,1,1,1,1,1,1,-1,-1,0,0,1,1,1,1
https://aoki-hd.co.jp,1,1,1,1,1,-1,0,1,-1,1,1,1,-1,0,0,1,1,1,1,1,1,1,-1,-1,-1,0,0,1,-1,1,1
https://americaeast.com,1,1,1,1,1,1,1,1,1,0,1,1,0,0,0,1,1,1,1,1,1,1,1,1,1,0,0,1,1,1,1
https://alexis4d.fit,1,1,1,1,1,1,1,1,1,1,1,1,1,-1,0,1,1,1,1,1,1,1,1,-1,-1,0,0,1,-1,1,1
https://anna-nina.nl,1,1,1,1,1,-1,1,1,-1,1,1,1,-1,-1,0,0,-1,1,1,1,1,1,1,1,1,0,0,1,-1,1,1
https://accountsupportgroup.com,1,1,1,1,1,1,1,1,1,0,1,1,-1,0,-1,0,0,1,-1,0,0,0,0,1,1,0,0,1,-1,1,1
https://ankama.com,1,1,1,1,1,1,1,1,1,0,1,1,0,0,0,1,1,1,1,1,1,1,1,1,1,0,0,1,1,1,1
https://amazingseasun.com,1,1,1,1,1,1,1,1,1,1,1,1,-1,0,0,1,1,1,1,1,1,1,1,1,1,0,0,1,0,1,1
https://airoh.com,1,1,1,1,1,1,1,1,1,1,1,1,1,1,1,1,1,1,1,1,1,1,1,1,1,0,0,1,-1,1,1
https://amvera.io,1,1,1,1,1,1,1,1,1,0,1,1,1,0,0,1,1,1,1,1,1,1,1,1,1,0,0,1,1,1,1
https://amigosbilbao.com,1,1,1,1,1,1,1,1,1,0,1,1,0,0,0,1,1,1,1,1,1,1,1,1,1,0,0,1,1,1,1
https://antigravitybatteries.com,1,1,1,1,1,1,1,1,1,-1,1,1,0,-1,1,1,1,1,1,1,1,1,1,1,1,0,0,1,-1,1,1
https://apnoludo.in,1,1,1,1,1,1,1,1,1,0,1,1,0,0,0,1,1,1,1,1,1,1,1,1,1,0,0,1,1,1,1
https://amegybank.com,1,1,1,1,1,1,1,1,1,0,1,1,1,0,1,1,1,1,1,1,1,1,-1,1,1,0,0,1,1,1,1
https://appmeasurements.com,1,1,1,1,1,1,1,1,1,0,1,1,0,0,0,1,1,1,1,1,1,1,1,1,1,0,0,1,1,1,1
https://alks.fi,1,1,1,1,1,1,1,1,1,1,1,1,-1,1,-1,1,-1,1,1,1,1,1,1,1,1,0,0,1,-1,1,1
https://archive.af,1,1,1,1,1,1,1,1,1,0,1,1,0,0,0,1,1,1,1,1,1,1,1,1,1,0,0,1,1,1,1
https://arabwins.com,1,1,1,1,1,1,1,1,1,0,1,1,-1,0,-1,0,0,1,-1,0,0,0,0,1,1,0,0,1,-1,1,1
https://appstore-download.com,1,1,1,1,1,-1,1,1,1,1,1,1,0,0,-1,1,1,1,1,1,1,1,1,1,1,0,0,1,1,1,1
https://artynet.com.mx,1,1,1,1,1,1,0,1,1,0,1,1,-1,0,-1,0,0,1,-1,0,0,0,0,1,1,0,0,1,-1,1,1
https://anomalien.com,1,1,1,1,1,1,1,1,1,1,1,1,0,1,0,1,1,1,1,1,1,1,1,1,1,0,0,1,-1,1,1
https://avec.app,1,1,1,1,1,1,1,1,-1,0,1,1,0,0,0,1,1,1,1,1,1,1,1,-1,-1,0,0,1,1,1,1
https://arkaserver.ir,1,1,1,1,1,1,1,1,-1,0,1,1,0,0,0,1,1,1,1,1,1,1,1,-1,-1,0,0,1,1,1,1
https://avides.group,1,1,1,1,1,1,1,1,-1,0,1,1,-1,0,-1,0,0,1,-1,0,0,0,0,-1,-1,0,0,1,-1,1,1
https://astronautimpresscoffee.info,1,1,1,1,1,1,1,1,-1,0,1,1,-1,0,-1,0,0,1,-1,0,0,0,0,-1,-1,0,0,1,-1,1,1
https://aries-avia.com,1,1,1,1,1,-1,1,1,1,0,1,1,-1,0,-1,0,0,1,-1,0,0,0,0,1,1,0,0,1,-1,1,1
https://artmarketdirect.com,1,1,1,1,1,1,1,1,1,1,1,1,-1,0,-1,1,-1,1,1,1,1,1,1,1,1,0,0,1,-1,1,1
https://argentinfoway.com,1,1,1,1,1,1,1,1,1,0,1,1,0,0,0,1,1,1,1,1,1,1,1,1,1,0,0,1,1,1,1
https://arionbanki.is,1,1,1,1,1,1,1,1,1,1,1,1,1,-1,-1,1,-1,1,1,1,1,1,1,1,1,0,0,1,1,1,1
https://asiabet118dj.com,1,1,1,1,1,1,1,1,1,0,1,1,0,0,0,1,1,1,1,1,1,1,1,1,1,0,0,1,1,1,1
https://autosavvy.com,1,1,1,1,1,1,1,1,1,-1,1,1,0,-1,1,1,1,1,1,1,1,1,1,1,1,0,0,1,1,1,1
https://asianviralhub.com,1,1,1,1,1,1,1,1,1,1,1,1,0,1,-1,1,1,1,1,1,1,-1,1,1,1,0,0,1,-1,1,1
https://awsdns-cn-30.cn,1,1,1,1,1,-1,1,1,1,0,1,1,-1,0,-1,0,0,1,-1,0,0,0,0,1,1,0,0,1,-1,1,1
https://awenet.be,1,1,1,1,1,1,1,1,-1,1,1,1,-1,-1,-1,1,-1,1,1,1,1,1,1,1,1,0,0,1,-1,1,1
https://axaassicurazioni.eu,1,1,1,1,1,1,1,1,-1,0,1,1,-1,0,-1,0,0,1,-1,0,0,0,0,-1,-1,0,0,1,-1,1,1
https://atechmotorsports.com,1,1,1,1,1,1,1,1,1,0,1,1,0,-1,0,1,1,1,1,1,1,1,1,1,1,0,0,1,1,1,1
https://australianassignmentshelp.com,1,1,1,1,1,1,1,1,1,1,1,1,-1,-1,-1,1,1,1,1,1,1,1,1,1,1,0,0,1,-1,1,1
https://barfisk.nl,1,1,1,1,1,1,1,1,-1,-1,1,1,0,-1,1,1,1,1,1,1,1,1,1,1,1,0,0,1,1,1,1
https://arm.ac.uk,1,1,1,1,1,1,0,1,-1,0,1,1,-1,0,-1,0,0,1,-1,0,0,0,0,1,1,0,0,1,-1,1,1
https://ax251.icu,1,1,1,1,1,1,1,1,1,-1,1,1,1,-1,1,1,1,1,1,1,1,1,1,1,1,0,0,1,-1,1,1
https://ayn24p.com,1,1,1,1,1,1,1,1,1,1,1,1,-1,-1,0,1,1,1,1,1,1,1,1,-1,-1,0,0,1,-1,1,1
https://azure.microsoft.com/,1,1,1,1,1,1,0,1,1,1,1,1,1,0,1,1,1,1,1,1,1,1,1,1,1,0,0,1,-1,1,1
https://ars2zc.com,1,1,1,1,1,1,1,1,1,1,1,1,0,0,0,1,1,1,1,1,1,1,1,-1,-1,0,0,1,1,1,1
https://avo.uz,1,1,1,1,1,1,1,1,1,1,1,1,1,-1,0,1,1,1,0,1,1,1,1,1,1,0,0,1,-1,1,1
https://balticdiag.com,1,1,1,1,1,1,1,1,1,0,1,1,0,0,0,1,1,1,1,1,1,1,1,1,1,0,0,1,1,1,1
https://bbbsystems.net,1,1,1,1,1,1,1,1,1,0,1,1,-1,0,-1,0,0,1,-1,0,0,0,0,1,1,0,0,1,-1,1,1
https://barproducts.com,1,1,1,1,1,1,1,1,1,1,1,1,-1,-1,0,0,1,1,1,1,1,1,1,1,1,0,0,1,-1,1,1
https://ba-glauchau.de,1,1,1,1,1,-1,1,1,-1,1,1,1,0,-1,-1,0,1,1,0,1,1,1,1,-1,-1,0,0,1,-1,1,1
https://axa-americasinc.com,1,1,1,1,1,-1,1,1,1,0,1,1,-1,0,-1,0,0,1,-1,0,0,0,0,1,1,0,0,1,-1,1,1
https://axaachievementscholarship.com,1,1,1,1,1,1,1,1,1,0,1,1,-1,0,-1,0,0,1,-1,0,0,0,0,1,1,0,0,1,-1,1,1
https://attcompute.com,1,1,1,1,1,1,1,1,1,0,1,1,-1,0,-1,0,0,1,-1,0,0,0,0,1,1,0,0,1,-1,1,1
https://battistrada.com,1,1,1,1,1,1,1,1,1,0,1,1,0,0,0,1,1,1,1,1,1,1,1,1,1,0,0,1,1,1,1
https://bbq4d-pedas01.com,1,1,1,1,1,-1,1,1,1,1,1,1,0,-1,0,1,1,1,1,1,1,-1,1,1,1,0,0,1,-1,1,1
https://berryapp.io,1,1,1,1,1,1,1,1,1,-1,1,1,1,-1,1,1,-1,1,1,1,1,1,1,1,1,0,0,1,-1,1,1
https://biztrend.ru,1,1,1,1,1,1,1,1,1,1,1,1,-1,-1,0,0,1,1,1,1,1,1,1,1,1,0,0,1,-1,1,1
https://beebounder.com,1,1,1,1,1,1,1,1,1,0,1,1,0,0,0,1,1,1,1,1,1,1,1,-1,-1,0,0,1,1,1,1
https://balegoonline.org,1,1,1,1,1,1,1,1,1,0,1,1,-1,0,-1,0,0,1,-1,0,0,0,0,1,1,0,0,1,-1,1,1
https://bj9.casino,1,1,1,1,1,1,1,1,-1,0,1,1,-1,0,-1,0,0,1,-1,0,0,0,0,-1,-1,0,0,1,-1,1,1
https://beckershospitalreview.com,1,1,1,1,1,1,1,1,1,0,1,1,0,0,1,1,1,1,1,1,1,1,1,1,1,0,0,1,1,1,1
https://betcris.do,1,1,1,1,1,1,1,1,1,1,1,1,-1,0,-1,1,1,1,1,1,1,1,1,1,1,0,0,1,-1,1,1
https://bestbettingsites.com,1,1,1,1,1,1,1,1,1,1,1,1,0,-1,-1,1,1,1,1,1,1,1,1,1,1,0,0,1,-1,1,1
https://beste-casinos-online.com,1,1,1,1,1,-1,1,1,1,1,1,1,-1,1,1,1,1,1,1,1,1,1,1,1,1,0,0,1,-1,1,1
https://bakpakddns.com,1,1,1,1,1,1,1,1,1,0,1,1,-1,0,-1,0,0,1,-1,0,0,0,0,1,1,0,0,1,-1,1,1
https://bcicentral.com,1,1,1,1,1,1,1,1,1,1,1,1,-1,0,-1,1,1,1,1,1,1,1,1,1,1,0,0,1,-1,1,1
https://beyon.co.in,1,1,1,1,1,1,0,1,1,1,1,1,-1,-1,1,0,1,1,1,1,1,1,1,1,1,0,0,1,-1,1,1
https://blackphoenixalchemylab.com,1,1,1,1,1,1,1,1,1,1,1,1,1,-1,0,0,1,1,1,1,1,1,1,1,1,0,0,1,-1,1,1
https://blognetsite.co.uk,1,1,1,1,1,1,0,1,1,1,1,1,-1,-1,0,1,1,1,1,1,1,1,1,1,1,0,0,1,-1,1,1
https://birkenheadpages.co.uk,1,1,1,1,1,1,0,1,1,0,1,1,-1,0,-1,0,0,1,-1,0,0,0,0,1,1,0,0,1,-1,1,1
https://blogtech.uk,1,1,1,1,1,1,1,1,1,1,1,1,0,-1,0,1,1,1,1,1,1,1,1,1,1,0,0,1,-1,1,1
https://bline.net.tr,1,1,1,1,1,1,0,1,1,0,1,1,-1,0,-1,0,0,1,-1,0,0,0,0,1,1,0,0,1,-1,1,1
https://bnamericas.com,1,1,1,1,1,1,1,1,1,0,1,1,-1,0,-1,0,0,1,-1,0,0,0,0,1,1,0,0,1,-1,1,1
https://bng1au.net,1,1,1,1,1,1,1,1,1,-1,1,1,1,0,1,1,-1,1,1,1,1,1,1,1,1,0,0,1,-1,1,1
https://bluerabbitrx.com,1,1,1,1,1,1,1,1,1,0,1,1,-1,0,-1,0,0,1,-1,0,0,0,0,1,1,0,0,1,-1,1,1
https://blada.com,1,1,1,1,1,1,1,1,1,1,1,1,-1,-1,0,0,-1,1,1,1,1,1,1,1,1,0,0,1,-1,1,1
https://brandselection.co.uk,1,1,1,1,1,1,0,1,1,1,1,1,-1,-1,0,1,1,1,1,1,1,1,1,1,1,0,0,1,-1,1,1
https://bowangyun.net,1,1,1,1,1,1,1,1,1,0,1,1,-1,0,-1,0,0,1,-1,0,0,0,0,1,1,0,0,1,-1,1,1
https://brickellmensproducts.com,1,1,1,1,1,1,1,1,1,1,1,1,-1,-1,0,0,1,1,1,1,1,1,1,1,1,0,0,1,-1,1,1
https://boyfriendtv.in,1,1,1,1,1,1,1,1,1,1,1,1,0,-1,-1,1,1,1,1,1,1,1,1,1,1,0,0,1,-1,1,1
https://bridge.xyz,1,1,1,1,1,1,1,1,1,1,1,1,1,-1,1,1,1,1,1,1,1,1,-1,1,1,0,0,1,-1,1,1
https://britishcouncil.org.tr,1,1,1,1,1,1,0,1,1,0,1,1,0,0,0,1,1,1,1,1,1,1,1,1,1,0,0,1,1,1,1
https://bru-system.be,1,1,1,1,1,-1,1,1,-1,-1,1,1,0,-1,1,1,-1,1,1,1,1,1,1,1,1,0,0,1,-1,1,1
https://bremen-saitama.com,1,1,1,1,1,-1,1,1,1,1,1,1,-1,-1,-1,1,1,1,1,1,1,1,1,1,1,0,0,1,-1,1,1
https://brawlstarsdicas.com.br,1,1,1,1,1,1,0,1,1,1,1,1,0,1,-1,1,1,1,1,1,1,1,1,1,1,0,0,1,-1,1,1
https://builderallwppro.com,1,1,1,1,1,1,1,1,1,0,1,1,-1,0,-1,0,0,1,-1,0,0,0,0,1,1,0,0,1,-1,1,1
https://buak.at,1,1,1,1,1,1,1,1,-1,1,1,1,-1,1,-1,1,-1,1,1,1,1,1,1,-1,-1,0,0,1,-1,1,1
https://brolt.com.ua,1,1,1,1,1,1,0,1,-1,1,1,1,-1,1,-1,1,1,1,1,1,1,1,1,-1,-1,0,0,1,-1,1,1
https://builtinboston.com,1,1,1,1,1,1,1,1,1,1,1,1,1,-1,1,1,1,1,1,1,1,1,1,1,1,0,0,1,-1,1,1
https://buffstream.io,1,1,1,1,1,1,1,1,1,1,1,1,-1,0,-1,1,1,1,0,1,1,1,1,1,1,0,0,1,-1,1,1
https://callthecar.com,1,1,1,1,1,1,1,1,1,1,1,1,0,0,-1,1,1,1,1,1,1,1,1,1,1,0,0,1,-1,1,1
https://capmad.com,1,1,1,1,1,1,1,1,1,0,1,1,0,0,0,1,1,1,1,1,1,1,1,1,1,0,0,1,1,1,1
https://bws.ovh,1,1,1,1,1,1,1,1,1,1,1,1,0,0,0,1,1,1,1,1,1,1,1,1,1,0,0,1,0,1,1
https://bwd-graphics.com,1,1,1,1,1,-1,1,1,1,1,1,1,-1,-1,0,0,1,1,1,1,1,1,1,1,1,0,0,1,-1,1,1
https://bonoconsumoarchipielago.com,1,1,1,1,1,1,1,1,-1,1,1,1,-1,-1,-1,1,1,1,1,1,1,1,1,-1,-1,0,0,1,-1,1,1
https://bookmyplayer.com,1,1,1,1,1,1,1,1,-1,1,1,1,1,1,0,1,1,1,1,1,1,1,1,-1,-1,0,0,1,-1,1,1
https://cardepotflorida.com,1,1,1,1,1,1,1,1,1,0,1,1,0,0,0,1,1,1,1,1,1,1,1,1,1,0,0,1,1,1,1
https://canpan.info,1,1,1,1,1,1,1,1,-1,1,1,1,-1,0,0,1,1,1,0,1,1,1,-1,-1,-1,0,0,1,-1,1,1
https://casino39.team,1,1,1,1,1,1,1,1,-1,0,1,1,-1,0,-1,0,0,1,-1,0,0,0,0,-1,-1,0,0,1,-1,1,1
https://buildit.net,1,1,1,1,1,1,1,1,1,-1,1,1,1,-1,1,0,1,1,1,1,1,1,1,1,1,0,0,1,-1,1,1
https://callmultiplier.com,1,1,1,1,1,1,1,1,1,1,1,1,-1,-1,0,1,1,1,1,1,1,1,1,1,1,0,0,1,-1,1,1
https://car-checking.com,1,1,1,1,1,-1,1,1,1,1,1,1,-1,-1,0,1,-1,1,1,1,1,1,1,1,1,0,0,1,-1,1,1
https://casinowonder.nl,1,1,1,1,1,1,1,1,-1,1,1,1,0,-1,0,0,1,1,1,1,1,1,1,1,1,0,0,1,-1,1,1
https://bmw-motorrad.pt,1,1,1,1,1,-1,1,1,-1,1,1,1,1,-1,1,1,-1,1,0,1,1,1,1,-1,-1,0,0,1,1,1,1
https://brstu.ru,1,1,1,1,1,1,1,1,1,0,1,1,-1,0,-1,0,0,1,-1,0,0,0,0,1,1,0,0,1,-1,1,1
https://casadellibro.com,1,1,1,1,1,1,1,1,1,0,1,1,0,0,0,1,1,1,1,1,1,1,1,1,1,0,0,1,1,1,1
https://calle-de-las-maquetas.es,1,1,1,1,1,-1,1,1,-1,1,1,1,1,-1,1,1,1,1,1,1,1,1,1,-1,-1,0,0,1,-1,1,1
https://cfc-croisieres.fr,1,1,1,1,1,-1,1,1,1,0,1,1,0,0,0,1,1,1,1,1,1,1,1,1,1,0,0,1,1,1,1
https://casiproject.com,1,1,1,1,1,1,1,1,1,0,1,1,0,0,0,1,1,1,1,1,1,1,1,1,1,0,0,1,1,1,1
https://chartcoselect.com,1,1,1,1,1,1,1,1,1,1,1,1,-1,-1,-1,1,1,1,1,1,1,1,1,1,1,0,0,1,0,1,1
https://broadjump.com,1,1,1,1,1,1,1,1,1,0,1,1,-1,0,-1,0,0,1,-1,0,0,0,0,1,1,0,0,1,-1,1,1
https://chiesadipiedigrotta.it,1,1,1,1,1,1,1,1,1,1,1,1,0,1,-1,1,1,1,1,1,1,1,1,1,1,0,0,1,-1,1,1
https://cdad-morbihan.fr,1,1,1,1,1,-1,1,1,1,1,1,1,-1,1,-1,1,1,1,1,1,1,1,1,1,1,0,0,1,-1,1,1
https://cham3a.ma,1,1,1,1,1,1,1,1,1,1,1,1,0,-1,0,1,1,1,1,1,1,1,1,1,1,0,0,1,-1,1,1
https://celebsland.com,1,1,1,1,1,1,1,1,1,1,1,1,-1,1,-1,1,1,1,1,1,1,1,1,1,1,0,0,1,-1,1,1
https://classic-motorrad.de,1,1,1,1,1,-1,1,1,-1,0,1,1,-1,0,-1,0,0,1,-1,0,0,0,0,-1,-1,0,0,1,-1,1,1
https://chinapost.com.cn,1,1,1,1,1,1,0,1,1,0,1,1,-1,0,-1,0,0,1,-1,0,0,0,0,1,1,0,0,1,-1,1,1
https://citysightseeingbrussel.be,1,1,1,1,1,1,1,1,-1,-1,1,1,0,-1,1,1,1,1,1,1,1,1,1,1,1,0,0,1,1,1,1
https://chiens-chats.be,1,1,1,1,1,-1,1,1,-1,0,1,1,-1,0,-1,0,0,1,-1,0,0,0,0,1,1,0,0,1,-1,1,1
https://cincsys.com,1,1,1,1,1,1,1,1,1,1,1,1,0,-1,1,1,1,1,1,1,1,1,1,1,1,0,0,1,1,1,1
https://clinichq.com,1,1,1,1,1,1,1,1,1,0,1,1,0,0,0,1,1,1,1,1,1,1,1,1,1,0,0,1,1,1,1
https://chefs-edge.com.au,1,1,1,1,1,-1,0,1,-1,1,1,1,-1,-1,0,0,-1,1,1,1,1,1,1,-1,-1,0,0,1,-1,1,1
https://churchpool.com,1,1,1,1,1,1,1,1,1,-1,1,1,0,0,1,1,1,1,1,1,1,1,1,1,1,0,0,1,1,1,1
https://citfbcb.com,1,1,1,1,1,1,1,1,1,0,1,1,0,-1,-1,1,1,1,1,1,1,1,1,1,1,0,0,1,0,1,1
https://clradio.co.uk,1,1,1,1,1,1,0,1,1,0,1,1,0,0,0,1,1,1,1,1,1,1,1,1,1,0,0,1,1,1,1
https://comfy.sg,1,1,1,1,1,1,1,1,1,1,1,1,-1,-1,0,0,1,1,1,1,1,1,1,1,1,0,0,1,-1,1,1
https://cjv3a9aebno.com,1,1,1,1,1,1,1,1,1,1,1,1,0,0,0,1,1,1,1,1,1,1,1,1,1,0,0,1,1,1,1
https://clcouncil.org,1,1,1,1,1,1,1,1,1,1,1,1,-1,1,-1,1,1,1,1,1,1,1,1,1,1,0,0,1,-1,1,1
https://bukukita.com,1,1,1,1,1,1,1,1,1,1,1,1,-1,-1,-1,0,1,1,1,1,1,1,1,1,1,0,0,1,-1,1,1
https://citylink.com.hk,1,1,1,1,1,1,0,1,1,0,1,1,-1,-1,0,1,1,1,1,1,1,1,1,1,1,0,0,1,0,1,1
https://celeiro.pt,1,1,1,1,1,1,1,1,-1,-1,1,1,0,-1,1,1,1,1,1,1,1,1,1,-1,-1,0,0,1,1,1,1
https://comics-index.com,1,1,1,1,1,-1,1,1,1,1,1,1,0,0,-1,1,1,1,1,1,1,1,1,1,1,0,0,1,1,1,1
https://cnetgr.com,1,1,1,1,1,1,1,1,1,0,1,1,0,-1,0,1,-1,1,1,1,1,1,1,1,1,0,0,1,-1,1,1
https://daiwa.co.jp,1,1,1,1,1,1,0,1,-1,0,1,1,-1,0,-1,0,0,1,-1,0,0,0,0,-1,-1,0,0,1,-1,1,1
https://confirm789x.com,1,1,1,1,1,1,1,1,1,0,1,1,0,0,0,1,1,1,1,1,1,1,1,1,1,0,0,1,1,1,1
https://club-presse-provence.com,1,1,1,1,1,-1,1,1,1,1,1,1,0,0,-1,1,1,1,1,1,1,1,1,1,1,0,0,1,-1,1,1
https://conape.go.cr,1,1,1,1,1,1,0,1,1,1,1,1,-1,0,-1,1,1,1,1,1,1,1,1,1,1,0,0,1,-1,1,1
https://conagrabrands.com,1,1,1,1,1,1,1,1,1,1,1,1,-1,-1,0,0,1,1,1,1,1,1,1,1,1,0,0,1,-1,1,1
https://corecenter.us,1,1,1,1,1,1,1,1,1,1,1,1,0,-1,0,0,1,1,1,1,1,1,1,1,1,0,0,1,-1,1,1
https://cucinosano.it,1,1,1,1,1,1,1,1,1,1,1,1,-1,-1,0,0,1,1,1,1,1,1,1,1,1,0,0,1,-1,1,1
https://cumbria.ac.uk,1,1,1,1,1,1,0,1,-1,1,1,1,-1,-1,0,1,1,1,1,1,1,1,1,1,1,0,0,1,-1,1,1
https://chipfind.net,1,1,1,1,1,1,1,1,1,0,1,1,-1,0,-1,0,0,1,-1,0,0,0,0,1,1,0,0,1,-1,1,1
https://cru.org,1,1,1,1,1,1,1,1,1,1,1,1,1,-1,1,0,1,1,1,1,1,1,1,1,1,0,0,1,-1,1,1
https://corumfm.com,1,1,1,1,1,1,1,1,1,-1,1,1,1,-1,1,0,1,1,1,1,1,1,-1,1,1,0,0,1,-1,1,1
https://compunnel.com,1,1,1,1,1,1,1,1,1,1,1,1,1,0,0,1,-1,1,1,1,1,1,1,1,1,0,0,1,-1,1,1
https://daltonhydraulic.com,1,1,1,1,1,1,1,1,1,1,1,1,-1,-1,-1,0,1,1,1,1,1,1,1,1,1,0,0,1,-1,1,1
https://cougarstadium.com,1,1,1,1,1,1,1,1,1,1,1,1,1,0,-1,-1,1,1,1,1,1,1,1,1,1,0,0,1,-1,1,1
https://coronation.com,1,1,1,1,1,1,1,1,1,1,1,1,-1,-1,-1,1,1,1,0,1,1,1,1,1,1,0,0,1,-1,1,1
https://coolsymbol.com,1,1,1,1,1,1,1,1,-1,1,1,1,0,-1,0,1,1,1,1,1,1,1,1,-1,-1,0,0,1,-1,1,1
https://dealr.cloud,1,1,1,1,1,1,1,1,1,1,1,1,1,-1,1,1,1,1,1,1,1,1,1,1,1,0,0,1,-1,1,1
https://dcloud.tech,1,1,1,1,1,1,1,1,1,1,1,1,1,0,1,1,1,1,1,1,1,1,1,1,1,0,0,1,1,1,1
https://dedon.de,1,1,1,1,1,1,1,1,-1,-1,1,1,0,-1,1,1,1,1,1,1,1,1,1,-1,-1,0,0,1,1,1,1
https://cnamts.fr,1,1,1,1,1,1,1,1,1,0,1,1,-1,0,-1,0,0,1,-1,0,0,0,0,1,1,0,0,1,-1,1,1
https://darong56.com.cn,1,1,1,1,1,1,0,1,1,0,1,1,-1,0,-1,0,0,1,-1,0,0,0,0,1,1,0,0,1,-1,1,1
https://decathlon.ma,1,1,1,1,1,1,1,1,1,-1,1,1,0,-1,1,1,1,1,1,1,1,1,1,1,1,0,0,1,1,1,1
https://dns73.de,1,1,1,1,1,1,1,1,-1,0,1,1,-1,0,-1,0,0,1,-1,0,0,0,0,-1,-1,0,0,1,-1,1,1
https://drc.casino,1,1,1,1,1,1,1,1,-1,0,1,1,-1,0,-1,0,0,1,-1,0,0,0,0,-1,-1,0,0,1,-1,1,1
https://dedraclub.hu,1,1,1,1,1,1,1,1,-1,1,1,1,0,-1,0,0,-1,1,1,1,1,1,1,-1,-1,0,0,1,-1,1,1
https://desa.com.tr,1,1,1,1,1,1,0,1,1,1,1,1,0,-1,0,0,1,1,1,1,1,1,1,1,1,0,0,1,-1,1,1
https://dibujando.net,1,1,1,1,1,1,1,1,1,1,1,1,-1,-1,0,0,1,1,1,1,1,1,1,1,1,0,0,1,-1,1,1
https://deleted-ns.pw,1,1,1,1,1,-1,1,1,1,0,1,1,-1,0,-1,0,0,1,-1,0,0,0,0,1,1,0,0,1,-1,1,1
https://ddnsguru.com,1,1,1,1,1,1,1,1,1,0,1,1,-1,0,-1,0,0,1,-1,0,0,0,0,1,1,0,0,1,-1,1,1
https://dianjicom.cn,1,1,1,1,1,1,1,1,1,1,1,1,-1,-1,-1,0,1,1,1,1,1,1,1,1,1,0,0,1,-1,1,1
https://deam-online.com,1,1,1,1,1,-1,1,1,1,0,1,1,-1,0,-1,0,0,1,-1,0,0,0,0,1,1,0,0,1,-1,1,1
https://delta.net,1,1,1,1,1,1,1,1,1,0,1,1,-1,0,-1,0,0,1,-1,0,0,0,0,1,1,0,0,1,-1,1,1
https://diversityemployment.com,1,1,1,1,1,1,1,1,1,1,1,1,-1,1,-1,0,1,1,1,1,1,1,1,1,1,0,0,1,-1,1,1
https://digitaldays.net,1,1,1,1,1,1,1,1,1,0,1,1,-1,0,-1,0,0,1,-1,0,0,0,0,1,1,0,0,1,-1,1,1
https://doxcams.com,1,1,1,1,1,1,1,1,1,0,1,1,-1,0,-1,0,0,1,-1,0,0,0,0,1,1,0,0,1,-1,1,1
https://dunklesauge.de,1,1,1,1,1,1,1,1,-1,0,1,1,-1,0,-1,0,0,1,-1,0,0,0,0,-1,-1,0,0,1,-1,1,1
https://dtrading.ru,1,1,1,1,1,1,1,1,1,0,1,1,-1,0,-1,0,0,1,-1,0,0,0,0,1,1,0,0,1,-1,1,1
https://dsport.bg,1,1,1,1,1,1,1,1,-1,1,1,1,0,-1,0,1,1,1,1,1,1,1,1,-1,-1,0,0,1,-1,1,1
https://distribuidoraedwiges.com.br,1,1,1,1,1,1,0,1,1,1,1,1,-1,1,0,1,1,1,1,1,1,1,1,1,1,0,0,1,-1,1,1
https://dtmbazaar.com,1,1,1,1,1,1,1,1,1,1,1,1,-1,-1,-1,1,1,1,1,1,1,-1,-1,1,1,0,0,1,-1,1,1
https://drinksupermarket.com,1,1,1,1,1,1,1,1,1,0,1,1,0,0,0,1,1,1,1,1,1,1,1,1,1,0,0,1,1,1,1
https://dynamicnailsupply.com,1,1,1,1,1,1,1,1,1,1,1,1,0,-1,0,0,-1,1,1,1,1,1,1,1,1,0,0,1,-1,1,1
https://dvinci-easy.com,1,1,1,1,1,-1,1,1,1,1,1,1,1,-1,1,1,-1,1,1,1,1,1,1,1,1,0,0,1,-1,1,1
https://ehohymnjb.cc,1,1,1,1,1,1,1,1,1,0,1,1,-1,0,-1,0,0,1,-1,0,0,0,0,-1,-1,0,0,1,-1,1,1
https://ebyteiot.com,1,1,1,1,1,1,1,1,1,1,1,1,0,-1,0,0,-1,1,1,1,1,1,1,1,1,0,0,1,-1,1,1
https://efinancialcareers-canada.com,1,1,1,1,1,-1,1,1,1,0,1,1,0,-1,0,1,-1,1,1,1,1,1,1,1,1,0,0,1,0,1,1
https://emiliawickstead.com,1,1,1,1,1,1,1,1,1,1,1,1,1,-1,-1,0,1,1,1,1,1,1,1,1,1,0,0,1,-1,1,1
https://dynaweb.com,1,1,1,1,1,1,1,1,1,-1,1,1,1,0,1,1,1,1,1,1,1,1,1,1,1,0,0,1,1,1,1
https://electrisa.com,1,1,1,1,1,1,1,1,1,1,1,1,-1,-1,-1,0,-1,1,1,1,1,1,1,1,1,0,0,1,-1,1,1
https://ennichi-japan.com,1,1,1,1,1,-1,1,1,1,0,1,1,-1,0,-1,0,0,1,-1,0,0,0,0,1,1,0,0,1,-1,1,1
https://exona.ai,1,1,1,1,1,1,1,1,-1,0,1,1,-1,0,-1,0,0,1,-1,0,0,0,0,1,1,0,0,1,-1,1,1
https://energybillcruncher.com,1,1,1,1,1,1,1,1,1,-1,1,1,1,0,1,1,1,1,1,1,1,1,1,1,1,0,0,1,-1,1,1
https://en.wikipedia.org/,1,1,1,1,1,1,0,1,1,0,1,1,0,0,0,1,1,1,1,1,1,1,1,1,1,0,0,1,1,1,1
https://dznn.net,1,1,1,1,1,1,1,1,1,0,1,1,-1,0,-1,0,0,1,-1,0,0,0,0,1,1,0,0,1,-1,1,1
https://educacionvial.cl,1,1,1,1,1,1,1,1,-1,1,1,1,-1,0,1,0,1,1,1,1,1,1,1,-1,-1,0,0,1,-1,1,1
https://elle.ro,1,1,1,1,1,1,1,1,-1,0,1,1,0,-1,0,1,1,1,1,1,1,1,1,-1,-1,0,0,1,-1,1,1
https://elitespinhouse.com,1,1,1,1,1,1,1,1,1,1,1,1,-1,-1,0,0,1,1,1,1,1,1,1,-1,-1,0,0,1,-1,1,1
https://enndalgames.com,1,1,1,1,1,1,1,1,1,0,1,1,-1,0,-1,0,0,1,-1,0,0,0,0,1,1,0,0,1,-1,1,1
https://fashionfalcone.ru,1,1,1,1,1,1,1,1,1,0,1,1,-1,0,-1,0,0,1,-1,0,0,0,0,1,1,0,0,1,-1,1,1
https://evakuator-buster.ru,1,1,1,1,1,-1,1,1,1,1,1,1,-1,1,-1,0,1,1,1,1,1,-1,-1,1,1,0,0,1,-1,1,1
https://fantavolando.it,1,1,1,1,1,1,1,1,1,1,1,1,-1,1,-1,1,-1,1,1,1,1,1,1,1,1,0,0,1,-1,1,1
https://elisa-laajakaista.fi,1,1,1,1,1,-1,1,1,1,0,1,1,-1,0,-1,0,0,1,-1,0,0,0,0,1,1,0,0,1,-1,1,1
https://fdutyapppromotion.shop,1,1,1,1,1,1,1,1,-1,0,1,1,-1,0,-1,0,0,1,-1,0,0,0,0,-1,-1,0,0,1,-1,1,1
https://ezanvaktipro.com,1,1,1,1,1,1,1,1,1,1,1,1,0,0,-1,1,1,1,1,1,1,1,1,1,1,0,0,1,1,1,1
https://fcs-enitrack.pro,1,1,1,1,1,-1,1,1,-1,0,1,1,0,0,0,1,1,1,1,1,1,1,1,-1,-1,0,0,1,1,1,1
https://fabrary.net,1,1,1,1,1,1,1,1,1,1,1,1,0,0,0,1,1,1,1,1,1,1,1,1,1,0,0,1,1,1,1
https://fireblade-forum.de,1,1,1,1,1,-1,1,1,-1,0,1,1,0,0,0,1,1,1,1,1,1,1,1,-1,-1,0,0,1,1,1,1
https://femia.health,1,1,1,1,1,1,1,1,-1,1,1,1,-1,1,-1,1,1,1,1,1,1,-1,1,-1,-1,0,0,1,-1,1,1
https://f0112.com,1,1,1,1,1,1,1,1,1,0,1,1,0,0,0,1,1,1,1,1,1,1,1,1,1,0,0,1,1,1,1
https://fibs.it,1,1,1,1,1,1,1,1,1,0,1,1,0,0,0,1,1,1,1,1,1,1,1,1,1,0,0,1,1,1,1
https://fev435.com,1,1,1,1,1,1,1,1,1,0,1,1,-1,0,-1,0,0,1,-1,0,0,0,0,-1,-1,0,0,1,-1,1,1
https://fasilitassun.com,1,1,1,1,1,1,1,1,1,0,1,1,0,0,0,1,1,1,1,1,1,1,1,-1,-1,0,0,1,1,1,1
https://fapforher.com,1,1,1,1,1,1,1,1,1,1,1,1,1,1,-1,1,1,1,1,1,1,1,1,1,1,0,0,1,-1,1,1
https://firstchoicelighting.co.uk,1,1,1,1,1,1,0,1,1,0,1,1,0,0,0,1,1,1,1,1,1,1,1,1,1,0,0,1,1,1,1
https://fg66pwa.net,1,1,1,1,1,1,1,1,1,-1,1,1,0,0,0,1,1,1,1,1,1,1,1,-1,-1,0,0,1,1,1,1
https://fleetai.com,1,1,1,1,1,1,1,1,1,1,1,1,-1,-1,0,1,1,1,1,1,1,1,1,1,1,0,0,1,1,1,1
https://flibusta.net,1,1,1,1,1,1,1,1,1,0,1,1,-1,0,-1,0,0,1,-1,0,0,0,0,1,1,0,0,1,-1,1,1
https://flipgorilla.com,1,1,1,1,1,1,1,1,1,1,1,1,-1,-1,-1,1,1,1,1,1,1,1,1,1,1,0,0,1,-1,1,1
https://fioboc.com,1,1,1,1,1,1,1,1,1,1,1,1,-1,-1,0,0,1,1,1,1,1,1,1,1,1,0,0,1,-1,1,1
https://finevid.link,1,1,1,1,1,1,1,1,1,0,1,1,0,0,0,1,1,1,1,1,1,1,1,1,1,0,0,1,1,1,1
https://francearchives.fr,1,1,1,1,1,1,1,1,1,0,1,1,0,0,0,1,1,1,1,1,1,1,1,1,1,0,0,1,1,1,1
https://fruitnet.com,1,1,1,1,1,1,1,1,1,0,1,1,0,0,1,1,1,1,1,1,1,1,1,1,1,0,0,1,1,1,1
https://gelbe-liste.de,1,1,1,1,1,-1,1,1,-1,0,1,1,-1,0,-1,0,0,1,-1,0,0,0,0,-1,-1,0,0,1,-1,1,1
https://gaidepxx.com,1,1,1,1,1,1,1,1,1,-1,1,1,0,-1,1,1,1,1,1,1,1,1,1,-1,-1,0,0,1,1,1,1
https://gakkensf.co.jp,1,1,1,1,1,1,0,1,-1,1,1,1,-1,0,-1,1,1,1,1,1,1,1,1,-1,-1,0,0,1,-1,1,1
https://gamingvictory.nl,1,1,1,1,1,1,1,1,-1,1,1,1,0,-1,0,1,1,1,1,1,1,1,1,-1,-1,0,0,1,-1,1,1
https://fritz-events.nl,1,1,1,1,1,-1,1,1,-1,1,1,1,1,1,1,1,1,1,1,1,1,1,1,-1,-1,0,0,1,-1,1,1
https://eneldistribuicaosp.com.br,1,1,1,1,1,1,0,1,1,0,1,1,-1,0,-1,0,0,1,-1,0,0,0,0,1,1,0,0,1,-1,1,1
https://frankielenceriamayorista.com,1,1,1,1,1,1,1,1,1,1,1,1,1,1,-1,1,-1,1,1,1,1,-1,1,1,1,0,0,1,-1,1,1
https://frontiersman.com,1,1,1,1,1,1,1,1,1,1,1,1,1,0,0,1,1,1,1,1,1,1,1,1,1,0,0,1,-1,1,1
https://fourminutebooks.com,1,1,1,1,1,1,1,1,1,1,1,1,0,1,-1,1,1,1,1,1,1,1,1,1,1,0,0,1,-1,1,1
https://frumzicasinoenligne.com,1,1,1,1,1,1,1,1,1,1,1,1,-1,-1,0,1,1,1,1,1,1,-1,1,1,1,0,0,1,-1,1,1
https://generalinfo.site,1,1,1,1,1,1,1,1,-1,0,1,1,-1,0,-1,0,0,1,-1,0,0,0,0,1,1,0,0,1,-1,1,1
https://gamepad.club,1,1,1,1,1,1,1,1,1,1,1,1,-1,-1,-1,1,1,1,1,1,1,1,1,1,1,0,0,1,0,1,1
https://fvagc.org,1,1,1,1,1,1,1,1,1,1,1,1,-1,1,0,1,1,1,1,1,1,-1,1,-1,-1,0,0,1,-1,1,1
https://geek-workshop.com,1,1,1,1,1,-1,1,1,1,1,1,1,-1,-1,0,0,1,1,1,1,1,1,1,1,1,0,0,1,-1,1,1
https://gameshownetwork.com,1,1,1,1,1,1,1,1,1,0,1,1,0,-1,-1,1,1,1,1,1,1,1,1,1,1,0,0,1,0,1,1
https://ggcheckout.app,1,1,1,1,1,1,1,1,-1,0,1,1,0,0,0,1,1,1,1,1,1,1,1,-1,-1,0,0,1,1,1,1
https://gdayparks.com.au,1,1,1,1,1,1,0,1,-1,0,1,1,0,0,0,1,1,1,1,1,1,1,1,-1,-1,0,0,1,1,1,1
https://ghiblies.net,1,1,1,1,1,1,1,1,1,0,1,1,-1,0,-1,0,0,1,-1,0,0,0,0,1,1,0,0,1,-1,1,1
https://genians.co.kr,1,1,1,1,1,1,0,1,1,1,1,1,-1,1,0,0,-1,1,1,1,1,1,1,1,1,0,0,1,-1,1,1
https://github.com/,1,1,1,1,1,1,1,1,1,1,1,1,1,0,1,-1,1,1,1,1,1,1,1,1,1,0,0,1,-1,1,1
https://gm-trucks.com,1,1,1,1,1,-1,1,1,1,0,1,1,0,0,0,1,1,1,1,1,1,1,1,1,1,0,0,1,1,1,1
https://get-your-media.com,1,1,1,1,1,-1,1,1,1,-1,1,1,0,0,1,1,1,1,1,1,1,1,1,1,1,0,0,1,1,1,1
https://geourdu.com,1,1,1,1,1,1,1,1,1,1,1,1,-1,1,0,1,1,1,1,1,1,1,1,1,1,0,0,1,-1,1,1
https://gigidigi.com,1,1,1,1,1,1,1,1,1,0,1,1,0,0,0,1,1,1,1,1,1,1,1,1,1,0,0,1,1,1,1
https://google.info,1,1,1,1,1,1,1,1,-1,0,1,1,-1,-1,1,0,1,1,1,1,1,1,1,-1,-1,0,0,1,-1,1,1
https://gomoviessc.org,1,1,1,1,1,1,1,1,1,-1,1,1,0,-1,1,1,1,1,1,1,1,1,1,1,1,0,0,1,1,1,1
https://finnair.com,1,1,1,1,1,1,1,1,1,1,1,1,1,-1,-1,1,1,1,1,1,1,1,1,1,1,0,0,1,1,1,1
https://gmonline.net,1,1,1,1,1,1,1,1,1,-1,1,1,1,-1,1,0,1,1,1,1,1,1,-1,-1,-1,0,0,1,-1,1,1
https://glowblinkr.com,1,1,1,1,1,1,1,1,1,1,1,1,-1,-1,0,1,1,1,1,1,1,1,1,1,1,0,0,1,-1,1,1
https://goldhangervillagehall.co.uk,1,1,1,1,1,1,0,1,1,1,1,1,-1,1,-1,1,1,1,1,1,1,1,1,1,1,0,0,1,-1,1,1
https://gatesofantares.com,1,1,1,1,1,1,1,1,1,-1,1,1,-1,-1,1,1,1,1,1,1,1,1,1,1,1,0,0,1,-1,1,1
https://gemnet.mn,1,1,1,1,1,1,1,1,1,1,1,1,1,1,1,0,1,1,1,1,1,1,1,1,1,0,0,1,-1,1,1
https://google.com,1,1,1,1,1,1,1,1,1,0,1,1,-1,0,1,0,1,1,1,1,1,1,1,1,1,0,0,1,-1,1,1
https://greenriverdigital.nl,1,1,1,1,1,1,1,1,-1,1,1,1,0,-1,0,0,1,1,1,1,1,1,1,-1,-1,0,0,1,-1,1,1
https://goudengids.be,1,1,1,1,1,1,1,1,-1,0,1,1,1,0,1,1,1,1,1,1,1,1,-1,1,1,0,0,1,1,1,1
https://gmpartsgiant.com,1,1,1,1,1,1,1,1,1,1,1,1,-1,-1,-1,1,1,1,1,1,1,1,1,1,1,0,0,1,-1,1,1
https://grindvoid.co.uk,1,1,1,1,1,1,0,1,1,-1,1,1,0,-1,1,1,1,1,1,1,1,1,1,-1,-1,0,0,1,1,1,1
https://gowinbdv1.com,1,1,1,1,1,1,1,1,1,1,1,1,-1,0,0,1,1,1,1,1,1,1,1,-1,-1,0,0,1,1,1,1
https://guzdcrb.ru,1,1,1,1,1,1,1,1,1,1,1,1,0,-1,-1,1,1,1,1,1,1,1,1,-1,-1,0,0,1,-1,1,1
https://formbox.ir,1,1,1,1,1,1,1,1,-1,1,1,1,0,0,-1,1,1,1,1,1,1,1,1,-1,-1,0,0,1,1,1,1
https://guarda.com,1,1,1,1,1,1,1,1,1,-1,1,1,0,-1,1,1,1,1,1,1,1,1,1,1,1,0,0,1,1,1,1
https://globalpush.top,1,1,1,1,1,1,1,1,1,0,1,1,-1,0,-1,0,0,1,-1,0,0,0,0,1,1,0,0,1,-1,1,1
https://gggpayment.com,1,1,1,1,1,1,1,1,1,0,1,1,-1,0,-1,0,0,1,-1,0,0,0,0,1,1,0,0,1,-1,1,1
https://helvetia.ac.id,1,1,1,1,1,1,0,1,-1,0,1,1,-1,0,-1,0,0,1,-1,0,0,0,0,-1,-1,0,0,1,-1,1,1
https://hikariweb-west.jp,1,1,1,1,1,-1,1,1,1,0,1,1,-1,0,-1,0,0,1,-1,0,0,0,0,1,1,0,0,1,-1,1,1
https://geopec.it,1,1,1,1,1,1,1,1,1,0,1,1,-1,0,-1,0,0,1,-1,0,0,0,0,1,1,0,0,1,-1,1,1
https://gulli.com,1,1,1,1,1,1,1,1,1,1,1,1,-1,0,-1,1,1,1,1,1,1,1,1,1,1,0,0,1,-1,1,1
https://gwinnettcourts.com,1,1,1,1,1,1,1,1,1,1,1,1,-1,-1,0,0,-1,1,1,1,1,1,1,1,1,0,0,1,-1,1,1
https://haiwai.co.uk,1,1,1,1,1,1,0,1,1,1,1,1,-1,1,0,1,1,1,1,1,1,1,1,1,1,0,0,1,-1,1,1
https://haddoz.net,1,1,1,1,1,1,1,1,1,-1,1,1,0,-1,1,1,1,1,1,1,1,1,1,1,1,0,0,1,1,1,1
https://gyu.edu.cn,1,1,1,1,1,1,0,1,-1,1,1,1,-1,-1,0,1,1,1,1,1,1,-1,-1,-1,-1,0,0,1,-1,1,1
https://hamvention.org,1,1,1,1,1,1,1,1,1,1,1,1,0,1,-1,1,-1,1,1,1,1,1,1,1,1,0,0,1,-1,1,1
https://hostmanager.in,1,1,1,1,1,1,1,1,1,0,1,1,-1,0,-1,0,0,1,-1,0,0,0,0,1,1,0,0,1,-1,1,1
https://heartsfc.co.uk,1,1,1,1,1,1,0,1,1,1,1,1,1,-1,0,0,1,1,1,1,1,1,1,1,1,0,0,1,-1,1,1
https://hanwhasecurity.com,1,1,1,1,1,1,1,1,1,0,1,1,-1,0,-1,0,0,1,-1,0,0,0,0,1,1,0,0,1,-1,1,1
https://halowaypoint.com,1,1,1,1,1,1,1,1,1,1,1,1,-1,-1,-1,1,1,1,1,1,1,1,1,1,1,0,0,1,-1,1,1
https://hms.gen.tr,1,1,1,1,1,1,0,1,1,1,1,1,0,-1,0,1,1,1,1,1,1,1,1,1,1,0,0,1,-1,1,1
https://ieeevis.org,1,1,1,1,1,1,1,1,-1,0,1,1,0,0,0,1,1,1,1,1,1,1,1,-1,-1,0,0,1,1,1,1
https://hosting-list.net,1,1,1,1,1,-1,1,1,1,0,1,1,-1,0,-1,0,0,1,-1,0,0,0,0,1,1,0,0,1,-1,1,1
https://idc-otsuka.jp,1,1,1,1,1,-1,1,1,1,1,1,1,-1,0,0,1,1,1,1,1,1,1,1,1,1,0,0,1,-1,1,1
https://i84.com.cn,1,1,1,1,1,1,0,1,-1,0,1,1,-1,0,-1,0,0,1,-1,0,0,0,0,-1,-1,0,0,1,-1,1,1
https://horseshoeheroes.com,1,1,1,1,1,1,1,1,1,1,1,1,1,1,0,1,1,1,1,1,1,1,1,1,1,0,0,1,-1,1,1
https://hubstrom.com,1,1,1,1,1,1,1,1,1,1,1,1,1,-1,0,1,1,1,1,1,1,1,1,1,1,0,0,1,-1,1,1
https://igniteenterprise.ca,1,1,1,1,1,1,1,1,1,1,1,1,0,-1,0,0,1,1,1,1,1,1,1,-1,-1,0,0,1,-1,1,1
https://ineutra.com.br,1,1,1,1,1,1,0,1,1,0,1,1,-1,0,-1,0,0,1,-1,0,0,0,0,-1,-1,0,0,1,-1,1,1
https://hxaa46.com,1,1,1,1,1,1,1,1,1,1,1,1,-1,1,-1,1,1,1,1,1,1,1,1,1,1,0,0,1,-1,1,1
https://infodelestero.com,1,1,1,1,1,1,1,1,1,1,1,1,-1,1,-1,1,1,1,1,1,1,-1,1,1,1,0,0,1,-1,1,1
https://imdproc.am,1,1,1,1,1,1,1,1,-1,1,1,1,-1,-1,0,1,1,1,1,1,1,1,1,-1,-1,0,0,1,-1,1,1
https://iconacasa.com,1,1,1,1,1,1,1,1,1,0,1,1,-1,0,-1,0,0,1,-1,0,0,0,0,1,1,0,0,1,-1,1,1
https://ibsplc.com,1,1,1,1,1,1,1,1,1,0,1,1,-1,0,-1,0,0,1,-1,0,0,0,0,1,1,0,0,1,-1,1,1
https://indiastateducation.com,1,1,1,1,1,1,1,1,1,0,1,1,-1,0,-1,0,0,1,-1,0,0,0,0,1,1,0,0,1,-1,1,1
https://innovateplay99.com,1,1,1,1,1,1,1,1,1,0,1,1,-1,0,-1,0,0,1,-1,0,0,0,0,1,1,0,0,1,-1,1,1
https://inpornfilms.com,1,1,1,1,1,1,1,1,1,1,1,1,-1,-1,0,0,1,1,1,1,1,-1,1,1,1,0,0,1,-1,1,1
https://inhores.com,1,1,1,1,1,1,1,1,1,0,1,1,0,0,0,1,1,1,1,1,1,1,1,1,1,0,0,1,1,1,1
https://inoviopay.com,1,1,1,1,1,1,1,1,1,1,1,1,-1,1,0,1,-1,1,1,1,1,1,1,1,1,0,0,1,-1,1,1
https://jbzxx.shop,1,1,1,1,1,1,1,1,-1,1,1,1,1,-1,0,0,1,1,1,1,1,1,1,-1,-1,0,0,1,-1,1,1
https://isahd.ae,1,1,1,1,1,1,1,1,-1,0,1,1,-1,0,-1,0,0,1,-1,0,0,0,0,-1,-1,0,0,1,-1,1,1
https://jobstatic.de,1,1,1,1,1,1,1,1,-1,0,1,1,-1,0,-1,0,0,1,-1,0,0,0,0,-1,-1,0,0,1,-1,1,1
https://inravision.gov.co,1,1,1,1,1,1,0,1,1,1,1,1,0,-1,0,0,-1,1,1,1,1,1,-1,-1,-1,0,0,1,-1,1,1
https://iplai.ca,1,1,1,1,1,1,1,1,1,1,1,1,-1,-1,0,1,1,1,1,1,1,1,1,1,1,0,0,1,-1,1,1
https://ironiqfx.com,1,1,1,1,1,1,1,1,1,0,1,1,0,0,0,1,1,1,1,1,1,1,1,1,1,0,0,1,1,1,1
https://inviso.se,1,1,1,1,1,1,1,1,1,1,1,1,-1,1,-1,1,-1,1,1,1,1,1,1,1,1,0,0,1,-1,1,1
https://juztcard.mx,1,1,1,1,1,1,1,1,1,1,1,1,1,-1,1,1,-1,1,1,1,1,1,1,1,1,0,0,1,-1,1,1
https://kartik.ru,1,1,1,1,1,1,1,1,1,1,1,1,-1,-1,0,1,1,1,1,1,1,1,1,1,1,0,0,1,-1,1,1
https://invoicepro.bg,1,1,1,1,1,1,1,1,-1,1,1,1,-1,-1,0,1,1,1,1,1,1,1,1,-1,-1,0,0,1,-1,1,1
https://idemia.com,1,1,1,1,1,1,1,1,1,0,1,1,-1,0,-1,0,0,1,-1,0,0,0,0,1,1,0,0,1,-1,1,1
https://iprange.net,1,1,1,1,1,1,1,1,1,1,1,1,-1,-1,0,1,1,1,1,1,1,1,1,1,1,0,0,1,-1,1,1
https://katalogbiblioteki.pl,1,1,1,1,1,1,1,1,1,0,1,1,-1,0,-1,0,0,1,-1,0,0,0,0,1,1,0,0,1,-1,1,1
https://kauverykonnect.com,1,1,1,1,1,1,1,1,1,0,1,1,-1,0,-1,0,0,1,-1,0,0,0,0,1,1,0,0,1,-1,1,1
https://joby.com,1,1,1,1,1,1,1,1,1,1,1,1,-1,-1,0,0,1,1,1,1,1,1,1,1,1,0,0,1,-1,1,1
https://iralco.ir,1,1,1,1,1,1,1,1,-1,0,1,1,-1,0,-1,0,0,1,-1,0,0,0,0,-1,-1,0,0,1,-1,1,1
https://jayabola365.casa,1,1,1,1,1,1,1,1,1,1,1,1,-1,-1,0,0,1,1,1,1,1,-1,-1,1,1,0,0,1,-1,1,1
https://komplekt-videonablyudeniya.ru,1,1,1,1,1,-1,1,1,1,0,1,1,-1,0,-1,0,0,1,-1,0,0,0,0,-1,-1,0,0,1,-1,1,1
https://kingtrans.net,1,1,1,1,1,1,1,1,1,-1,1,1,-1,-1,1,1,1,1,1,1,1,-1,1,1,1,0,0,1,-1,1,1
https://kekkila.fi,1,1,1,1,1,1,1,1,1,1,1,1,-1,0,-1,1,1,1,1,1,1,1,1,1,1,0,0,1,-1,1,1
https://kentbroom.com,1,1,1,1,1,1,1,1,1,1,1,1,1,-1,1,1,-1,1,1,1,1,1,1,1,1,0,0,1,1,1,1
https://jtsmmpanel.com,1,1,1,1,1,1,1,1,1,-1,1,1,0,-1,1,1,1,1,1,1,1,1,1,1,1,0,0,1,1,1,1
https://kochamsushi.pl,1,1,1,1,1,1,1,1,1,0,1,1,-1,0,-1,0,0,1,-1,0,0,0,0,1,1,0,0,1,-1,1,1
https://kupigolos.ru,1,1,1,1,1,1,1,1,1,1,1,1,-1,-1,0,0,-1,1,1,1,1,1,1,1,1,0,0,1,-1,1,1
https://kenon.com.cn,1,1,1,1,1,1,0,1,1,0,1,1,-1,0,-1,0,0,1,-1,0,0,0,0,1,1,0,0,1,-1,1,1
https://kisskh.com.my,1,1,1,1,1,1,0,1,1,1,1,1,-1,1,0,1,1,1,1,1,1,1,1,1,1,0,0,1,-1,1,1
https://kocowacon.com,1,1,1,1,1,1,1,1,1,0,1,1,-1,0,-1,0,0,1,-1,0,0,0,0,1,1,0,0,1,-1,1,1
https://kupit-diplomis-v-zlatouste-74.ru,1,1,1,1,1,-1,1,1,1,0,1,1,-1,0,-1,0,0,1,-1,0,0,0,0,1,1,0,0,1,-1,1,1
https://kungfu-choyleefut.cl,1,1,1,1,1,-1,1,1,-1,1,1,1,-1,0,-1,1,-1,1,1,1,1,1,1,-1,-1,0,0,1,-1,1,1
https://kite-hill.com,1,1,1,1,1,-1,1,1,1,1,1,1,-1,-1,-1,0,1,1,1,1,1,1,1,1,1,0,0,1,-1,1,1
https://kkcuci.fun,1,1,1,1,1,1,1,1,1,1,1,1,0,0,1,1,1,1,1,1,1,1,1,1,1,0,0,1,-1,1,1
https://jwhost.co.uk,1,1,1,1,1,1,0,1,1,1,1,1,0,0,-1,0,-1,1,1,1,1,1,1,1,1,0,0,1,-1,1,1
https://learning.co.za,1,1,1,1,1,1,0,1,1,0,1,1,-1,0,-1,0,0,1,-1,0,0,0,0,1,1,0,0,1,-1,1,1
https://larimer.gov,1,1,1,1,1,1,1,1,1,0,1,1,0,0,0,1,1,1,1,1,1,1,1,1,1,0,0,1,1,1,1
https://laweconcenter.org,1,1,1,1,1,1,1,1,1,0,1,1,0,0,0,1,1,1,1,1,1,1,1,1,1,0,0,1,1,1,1
https://leasecar.uk,1,1,1,1,1,1,1,1,1,1,1,1,1,-1,0,1,1,1,1,1,1,1,1,1,1,0,0,1,-1,1,1
https://lafetechocolat.com,1,1,1,1,1,1,1,1,1,1,1,1,-1,-1,-1,0,1,1,1,1,1,1,1,1,1,0,0,1,-1,1,1
https://ldpskeotj.com,1,1,1,1,1,1,1,1,1,0,1,1,-1,0,-1,0,0,1,-1,0,0,0,0,-1,-1,0,0,1,-1,1,1
https://kmail-lists.com,1,1,1,1,1,-1,1,1,1,1,1,1,1,-1,1,0,1,1,0,1,1,1,1,1,1,0,0,1,-1,1,1
https://kuzeymarmaraotoyolu.com,1,1,1,1,1,1,1,1,1,1,1,1,-1,-1,0,0,1,1,1,1,1,1,1,1,1,0,0,1,-1,1,1
https://leouve.com.br,1,1,1,1,1,1,0,1,1,-1,1,1,0,-1,1,1,1,1,1,1,1,1,1,1,1,0,0,1,1,1,1
https://levillage.org,1,1,1,1,1,1,1,1,1,1,1,1,-1,-1,0,0,1,1,1,1,1,1,1,1,1,0,0,1,-1,1,1
https://ldh-france.org,1,1,1,1,1,-1,1,1,1,1,1,1,-1,1,-1,1,1,1,1,1,1,1,1,1,1,0,0,1,-1,1,1
https://larosas.com,1,1,1,1,1,1,1,1,1,1,1,1,-1,-1,0,1,1,1,1,1,1,1,1,1,1,0,0,1,-1,1,1
https://lemvo.site,1,1,1,1,1,1,1,1,-1,-1,1,1,1,0,1,1,1,1,1,1,1,1,1,-1,-1,0,0,1,1,1,1
https://legalnomads.com,1,1,1,1,1,1,1,1,1,0,1,1,0,-1,0,1,1,1,1,1,1,1,1,1,1,0,0,1,1,1,1
https://lewd.ninja,1,1,1,1,1,1,1,1,-1,0,1,1,0,0,0,1,1,1,1,1,1,1,1,-1,-1,0,0,1,1,1,1
https://likeni.ru,1,1,1,1,1,1,1,1,1,1,1,1,1,-1,0,-1,-1,1,1,1,1,1,1,1,1,0,0,1,-1,1,1
https://lidl.hu,1,1,1,1,1,1,1,1,-1,1,1,1,-1,-1,0,1,1,1,1,1,1,1,1,-1,-1,0,0,1,-1,1,1
https://linuxaudio.org,1,1,1,1,1,1,1,1,1,1,1,1,0,-1,-1,1,1,1,1,1,1,1,1,1,1,0,0,1,-1,1,1
https://lincolnbarassociation.com,1,1,1,1,1,1,1,1,1,0,1,1,0,0,0,1,1,1,1,1,1,1,1,1,1,0,0,1,1,1,1
https://loulouessentiels.nl,1,1,1,1,1,1,1,1,-1,1,1,1,-1,-1,0,0,1,1,1,1,1,1,1,1,1,0,0,1,-1,1,1
https://liverussia.online,1,1,1,1,1,1,1,1,1,1,1,1,0,0,0,1,1,1,1,1,1,1,1,1,1,0,0,1,1,1,1
https://loisirs-nautic.fr,1,1,1,1,1,-1,1,1,1,0,1,1,0,0,0,1,1,1,1,1,1,1,1,1,1,0,0,1,1,1,1
https://liftarmtech.com,1,1,1,1,1,1,1,1,1,0,1,1,-1,0,-1,0,0,1,-1,0,0,0,0,1,1,0,0,1,-1,1,1
https://linuxcontainers.org,1,1,1,1,1,1,1,1,1,1,1,1,0,-1,0,1,1,1,1,1,1,1,1,1,1,0,0,1,-1,1,1
https://lyfta.app,1,1,1,1,1,1,1,1,-1,1,1,1,0,-1,-1,1,1,1,1,1,1,1,1,-1,-1,0,0,1,-1,1,1
https://liveauctioneers.com,1,1,1,1,1,1,1,1,1,0,1,1,1,0,1,1,1,1,1,1,1,1,-1,1,1,0,0,1,1,1,1
https://lofty.me,1,1,1,1,1,1,1,1,1,0,1,1,0,0,0,1,1,1,1,1,1,1,1,1,1,0,0,1,1,1,1
https://lttnet.net,1,1,1,1,1,1,1,1,1,0,1,1,-1,0,-1,0,0,1,-1,0,0,0,0,1,1,0,0,1,-1,1,1
https://lucky-star-casino-india.com,1,1,1,1,1,-1,1,1,1,1,1,1,0,1,-1,1,1,1,1,1,1,1,1,-1,-1,0,0,1,-1,1,1
https://maenner.media,1,1,1,1,1,1,1,1,-1,1,1,1,-1,1,0,0,1,1,1,1,1,1,1,-1,-1,0,0,1,-1,1,1
https://liveranionline.com,1,1,1,1,1,1,1,1,1,0,1,1,-1,0,-1,0,0,1,-1,0,0,0,0,1,1,0,0,1,-1,1,1
https://lowercasenoises.com,1,1,1,1,1,1,1,1,1,1,1,1,-1,-1,-1,1,1,1,1,1,1,1,1,1,1,0,0,1,-1,1,1
https://mangakakalot.fan,1,1,1,1,1,1,1,1,-1,1,1,1,1,1,0,1,1,1,1,1,1,1,1,-1,-1,0,0,1,-1,1,1
https://lungit.com,1,1,1,1,1,1,1,1,1,0,1,1,0,0,0,1,1,1,1,1,1,1,1,1,1,0,0,1,1,1,1
https://lsigraph.com,1,1,1,1,1,1,1,1,1,1,1,1,-1,0,0,1,1,1,1,1,1,1,1,1,1,0,0,1,-1,1,1
https://malatyakuyumcular.net,1,1,1,1,1,1,1,1,1,1,1,1,0,-1,0,1,1,1,1,1,1,1,1,1,1,0,0,1,-1,1,1
https://mailbluster.com,1,1,1,1,1,1,1,1,1,1,1,1,-1,0,0,1,1,1,1,1,1,1,1,1,1,0,0,1,-1,1,1
https://logic-sunrise.com,1,1,1,1,1,-1,1,1,1,1,1,1,0,1,0,1,1,1,0,1,1,-1,-1,1,1,0,0,1,-1,1,1
https://loteriadossonhos.com,1,1,1,1,1,1,1,1,1,1,1,1,-1,0,-1,1,1,1,1,1,1,1,1,1,1,0,0,1,-1,1,1
https://mantisadnetwork.com,1,1,1,1,1,1,1,1,1,1,1,1,1,-1,1,1,1,1,1,1,1,1,1,1,1,0,0,1,1,1,1
https://maps-sec.com,1,1,1,1,1,-1,1,1,1,0,1,1,-1,0,-1,0,0,1,-1,0,0,0,0,1,1,0,0,1,-1,1,1
https://mangafreak.me,1,1,1,1,1,1,1,1,1,1,1,1,-1,-1,0,1,1,1,0,1,1,1,-1,1,1,0,0,1,-1,1,1
https://matchkicks.com,1,1,1,1,1,1,1,1,1,0,1,1,0,0,0,1,1,1,1,1,1,1,1,1,1,0,0,1,1,1,1
https://mbdsrv.com,1,1,1,1,1,1,1,1,1,0,1,1,-1,0,-1,0,0,1,-1,0,0,0,0,1,1,0,0,1,-1,1,1
https://lastpass.com,1,1,1,1,1,1,1,1,1,1,1,1,-1,-1,0,1,1,1,1,1,1,1,1,1,1,0,0,1,-1,1,1
https://mashangok.co.uk,1,1,1,1,1,1,0,1,1,1,1,1,0,0,-1,1,1,1,1,1,1,1,1,1,1,0,0,1,0,1,1
https://lvbet.lv,1,1,1,1,1,1,1,1,-1,1,1,1,0,0,0,1,1,1,0,1,1,1,1,-1,-1,0,0,1,1,1,1
https://market-vikna.com.ua,1,1,1,1,1,-1,0,1,-1,1,1,1,-1,0,0,1,1,1,1,1,1,1,-1,-1,-1,0,0,1,-1,1,1
https://magiccitycasino.com,1,1,1,1,1,1,1,1,1,1,1,1,-1,-1,0,1,1,1,1,1,1,1,1,1,1,0,0,1,-1,1,1
https://marlmarl.com,1,1,1,1,1,1,1,1,1,1,1,1,-1,-1,-1,1,1,1,1,1,1,1,1,1,1,0,0,1,-1,1,1
https://mediasmart.es,1,1,1,1,1,1,1,1,-1,0,1,1,-1,0,-1,0,0,1,-1,0,0,0,0,-1,-1,0,0,1,-1,1,1
https://meconecte.com.br,1,1,1,1,1,1,0,1,1,0,1,1,-1,0,-1,0,0,1,-1,0,0,0,0,1,1,0,0,1,-1,1,1
https://mercatoday.com,1,1,1,1,1,1,1,1,1,1,1,1,1,1,0,1,1,1,1,1,1,1,1,1,1,0,0,1,-1,1,1
https://medepay-solutions.com,1,1,1,1,1,-1,1,1,1,0,1,1,-1,0,-1,0,0,1,-1,0,0,0,0,1,1,0,0,1,-1,1,1
https://meimonkai.co.jp,1,1,1,1,1,1,0,1,-1,1,1,1,-1,-1,0,1,1,1,1,1,1,1,1,-1,-1,0,0,1,-1,1,1
https://meridianfarmmarket.ca,1,1,1,1,1,1,1,1,1,1,1,1,0,-1,0,0,1,1,1,1,1,1,1,1,1,0,0,1,-1,1,1
https://metziahs.com,1,1,1,1,1,1,1,1,1,0,1,1,0,0,0,1,1,1,1,1,1,1,1,1,1,0,0,1,1,1,1
https://minorclublink.nl,1,1,1,1,1,1,1,1,-1,1,1,1,0,-1,0,0,1,1,1,1,1,1,1,-1,-1,0,0,1,-1,1,1
https://metalwani.com,1,1,1,1,1,1,1,1,1,1,1,1,-1,1,-1,1,1,1,1,1,1,1,1,1,1,0,0,1,-1,1,1
https://metaltrends.in,1,1,1,1,1,1,1,1,1,1,1,1,-1,1,-1,1,1,1,1,1,1,1,1,1,1,0,0,1,-1,1,1
https://miasolution.com,1,1,1,1,1,1,1,1,1,0,1,1,-1,0,-1,0,0,1,-1,0,0,0,0,1,1,0,0,1,-1,1,1
https://megahosting.cl,1,1,1,1,1,1,1,1,-1,1,1,1,-1,-1,0,1,1,1,1,1,1,1,1,-1,-1,0,0,1,-1,1,1
https://modelshop.com.mt,1,1,1,1,1,1,0,1,-1,0,1,1,0,0,0,1,1,1,1,1,1,1,1,-1,-1,0,0,1,1,1,1
https://mhosting.hu,1,1,1,1,1,1,1,1,-1,1,1,1,-1,1,0,1,1,1,1,1,1,1,1,-1,-1,0,0,1,-1,1,1
https://mihongip.com,1,1,1,1,1,1,1,1,1,0,1,1,-1,0,-1,0,0,1,-1,0,0,0,0,1,1,0,0,1,-1,1,1
https://m4qp8xkn.com,1,1,1,1,1,1,1,1,1,-1,1,1,0,0,0,1,1,1,1,1,1,1,1,-1,-1,0,0,1,1,1,1
https://mladiinfo.eu,1,1,1,1,1,1,1,1,-1,0,1,1,-1,0,-1,0,0,1,-1,0,0,0,0,-1,-1,0,0,1,-1,1,1
https://mopani.co.za,1,1,1,1,1,1,0,1,1,1,1,1,-1,-1,0,0,-1,1,1,1,1,1,1,1,1,0,0,1,-1,1,1
https://mining.ca,1,1,1,1,1,1,1,1,1,1,1,1,0,1,-1,1,-1,1,1,1,1,1,1,1,1,0,0,1,-1,1,1
https://motopit.com.tr,1,1,1,1,1,1,0,1,1,0,1,1,0,0,0,1,1,1,1,1,1,1,1,1,1,0,0,1,1,1,1
https://moderntrail.us,1,1,1,1,1,1,1,1,1,1,1,1,-1,-1,0,0,1,1,1,1,1,1,1,-1,-1,0,0,1,-1,1,1
https://mindluster.com,1,1,1,1,1,1,1,1,1,1,1,1,-1,1,0,1,1,1,1,1,1,1,1,1,1,0,0,1,-1,1,1
https://mcdash.com,1,1,1,1,1,1,1,1,1,0,1,1,-1,0,-1,0,0,1,-1,0,0,0,0,1,1,0,0,1,-1,1,1
https://mojewypieki.com,1,1,1,1,1,1,1,1,1,1,1,1,-1,1,-1,1,1,1,1,1,1,-1,1,1,1,0,0,1,-1,1,1
https://msbu.in,1,1,1,1,1,1,1,1,1,1,1,1,-1,0,0,0,1,1,1,1,1,1,1,1,1,0,0,1,-1,1,1
https://motorcyclespecs.co.za,1,1,1,1,1,1,0,1,1,1,1,1,-1,-1,0,0,1,1,1,1,1,1,1,1,1,0,0,1,-1,1,1
https://meuvps.com.br,1,1,1,1,1,1,0,1,1,0,1,1,-1,0,-1,0,0,1,-1,0,0,0,0,1,1,0,0,1,-1,1,1
https://my-dress-up-darling-jut-su.ru,1,1,1,1,1,-1,1,1,1,1,1,1,0,1,-1,1,-1,1,1,1,1,1,1,1,1,0,0,1,0,1,1
https://moia.io,1,1,1,1,1,1,1,1,1,1,1,1,0,-1,-1,1,1,1,0,1,1,1,1,1,1,0,0,1,-1,1,1
https://mayomedicallaboratories.com,1,1,1,1,1,1,1,1,1,0,1,1,0,0,0,1,1,1,1,1,1,1,1,1,1,0,0,1,1,1,1
https://motorillustrated.com,1,1,1,1,1,1,1,1,1,1,1,1,-1,1,-1,1,1,1,1,1,1,-1,1,1,1,0,0,1,-1,1,1
https://monkeybrains.net,1,1,1,1,1,1,1,1,1,1,1,1,-1,-1,-1,1,1,1,1,1,1,1,1,1,1,0,0,1,-1,1,1
https://naturalmoviefocus.nl,1,1,1,1,1,1,1,1,-1,1,1,1,0,-1,0,1,1,1,1,1,1,1,1,-1,-1,0,0,1,-1,1,1
https://mirathaber.com,1,1,1,1,1,1,1,1,1,1,1,1,-1,1,0,1,1,1,1,1,1,1,1,1,1,0,0,1,-1,1,1
https://naturalharmony.store,1,1,1,1,1,1,1,1,-1,1,1,1,-1,-1,0,0,1,1,1,1,1,1,1,-1,-1,0,0,1,-1,1,1
https://ndmdhs.com,1,1,1,1,1,1,1,1,1,0,1,1,-1,0,-1,0,0,1,-1,0,0,0,0,1,1,0,0,1,-1,1,1
https://mycashso.com,1,1,1,1,1,1,1,1,1,0,1,1,0,0,0,1,1,1,1,1,1,1,1,1,1,0,0,1,1,1,1
https://nameridobroto.com,1,1,1,1,1,1,1,1,1,1,1,1,-1,1,0,1,1,1,1,1,1,1,1,1,1,0,0,1,-1,1,1
https://naturalretreats.com,1,1,1,1,1,1,1,1,1,0,1,1,0,0,0,1,1,1,1,1,1,1,1,1,1,0,0,1,1,1,1
https://msif.org,1,1,1,1,1,1,1,1,1,1,1,1,1,1,-1,0,1,1,1,1,1,1,1,1,1,0,0,1,-1,1,1
https://netbiz.nl,1,1,1,1,1,1,1,1,-1,1,1,1,-1,1,-1,1,1,1,1,1,1,1,1,1,1,0,0,1,1,1,1
https://naranjasdelcarmen.com,1,1,1,1,1,1,1,1,1,0,1,1,0,0,0,1,1,1,1,1,1,1,1,1,1,0,0,1,1,1,1
https://nearabird.ru,1,1,1,1,1,1,1,1,1,0,1,1,0,0,0,1,1,1,1,1,1,1,1,1,1,0,0,1,1,1,1
https://ncjmcm.com,1,1,1,1,1,1,1,1,1,0,1,1,-1,0,-1,0,0,1,-1,0,0,0,0,1,1,0,0,1,-1,1,1
https://naptownbuzzllc.com,1,1,1,1,1,1,1,1,1,1,1,1,-1,-1,-1,1,1,1,1,1,1,1,1,1,1,0,0,1,-1,1,1
https://miraenchoco.com,1,1,1,1,1,1,1,1,1,1,1,1,0,0,0,1,1,1,1,1,1,1,1,1,1,0,0,1,1,1,1
https://nwex.de,1,1,1,1,1,1,1,1,-1,1,1,1,0,-1,-1,1,-1,1,1,1,1,1,1,-1,-1,0,0,1,-1,1,1
https://nunababy.com,1,1,1,1,1,1,1,1,1,1,1,1,-1,0,-1,1,1,1,1,1,1,1,1,1,1,0,0,1,-1,1,1
https://netbudur.net,1,1,1,1,1,1,1,1,1,0,1,1,-1,0,-1,0,0,1,-1,0,0,0,0,1,1,0,0,1,-1,1,1
https://nexigen.com,1,1,1,1,1,1,1,1,1,1,1,1,1,-1,1,1,1,1,1,1,1,1,1,1,1,0,0,1,-1,1,1
https://oe.if.ua,1,1,1,1,1,1,0,1,-1,-1,1,1,0,-1,1,1,1,1,1,1,1,1,1,-1,-1,0,0,1,1,1,1
https://mwotzovik.com,1,1,1,1,1,1,1,1,1,0,1,1,-1,0,-1,0,0,1,-1,0,0,0,0,1,1,0,0,1,-1,1,1
https://nlbskladi.si,1,1,1,1,1,1,1,1,1,1,1,1,-1,-1,1,0,-1,1,1,1,1,1,1,1,1,0,0,1,-1,1,1
https://novaparks.com,1,1,1,1,1,1,1,1,1,1,1,1,1,-1,0,0,-1,1,1,1,1,1,1,1,1,0,0,1,-1,1,1
https://nottingham.ac.uk,1,1,1,1,1,1,0,1,-1,1,1,1,1,1,0,0,1,1,1,1,1,1,1,1,1,0,0,1,-1,1,1
https://mottimes.com,1,1,1,1,1,1,1,1,1,0,1,1,-1,0,-1,0,0,1,-1,0,0,0,0,1,1,0,0,1,-1,1,1
https://moneyguidepro.com,1,1,1,1,1,1,1,1,1,1,1,1,-1,-1,0,1,1,1,0,1,1,1,1,1,1,0,0,1,-1,1,1
https://odishaminerals.gov.in,1,1,1,1,1,1,0,1,1,1,1,1,-1,-1,0,1,1,1,1,1,1,1,1,1,1,0,0,1,-1,1,1
https://oksping.com,1,1,1,1,1,1,1,1,1,0,1,1,-1,0,-1,0,0,1,-1,0,0,0,0,1,1,0,0,1,-1,1,1
https://oldnudewomen.com,1,1,1,1,1,1,1,1,1,0,1,1,-1,0,-1,0,0,1,-1,0,0,0,0,1,1,0,0,1,-1,1,1
https://okcmoa.com,1,1,1,1,1,1,1,1,1,0,1,1,0,0,0,1,1,1,1,1,1,1,1,1,1,0,0,1,1,1,1
https://newbalance.pt,1,1,1,1,1,1,1,1,-1,0,1,1,0,0,0,1,1,1,1,1,1,1,1,-1,-1,0,0,1,1,1,1
https://om.net,1,1,1,1,1,1,1,1,1,1,1,1,1,-1,0,1,1,1,0,1,1,1,1,1,1,0,0,1,0,1,1
https://onionworld.jp,1,1,1,1,1,1,1,1,1,1,1,1,-1,1,0,-1,1,1,1,1,1,1,1,1,1,0,0,1,-1,1,1
https://nunhems.com,1,1,1,1,1,1,1,1,1,1,1,1,-1,-1,1,1,-1,1,0,1,1,1,1,1,1,0,0,1,0,1,1
https://nextnature.net,1,1,1,1,1,1,1,1,1,1,1,1,-1,-1,-1,1,-1,1,0,1,1,1,1,1,1,0,0,1,-1,1,1
https://oldmovies.fun,1,1,1,1,1,1,1,1,1,1,1,1,-1,1,0,1,1,1,1,1,1,1,1,1,1,0,0,1,-1,1,1
https://osarch.org,1,1,1,1,1,1,1,1,-1,1,1,1,-1,1,-1,1,1,1,1,1,1,1,1,-1,-1,0,0,1,-1,1,1
https://onlinetests.app,1,1,1,1,1,1,1,1,-1,0,1,1,-1,0,-1,0,0,1,-1,0,0,0,0,-1,-1,0,0,1,-1,1,1
https://openfactbook.org,1,1,1,1,1,1,1,1,1,1,1,1,-1,-1,0,1,1,1,1,1,1,1,1,-1,-1,0,0,1,-1,1,1
https://omnilab-shop.de,1,1,1,1,1,-1,1,1,-1,0,1,1,-1,0,-1,0,0,1,-1,0,0,0,0,-1,-1,0,0,1,-1,1,1
https://openloyalty.io,1,1,1,1,1,1,1,1,1,1,1,1,1,-1,0,1,1,1,1,1,1,1,1,1,1,0,0,1,-1,1,1
https://osbguide.online,1,1,1,1,1,1,1,1,1,-1,1,1,0,0,1,1,1,1,1,1,1,1,1,-1,-1,0,0,1,1,1,1
https://oncloud.io,1,1,1,1,1,1,1,1,1,1,1,1,-1,-1,0,1,1,1,1,1,1,1,1,1,1,0,0,1,-1,1,1
https://oraziocampoli.com,1,1,1,1,1,1,1,1,1,1,1,1,-1,1,0,1,1,1,1,1,1,1,1,1,1,0,0,1,-1,1,1
https://optioncarriere.ci,1,1,1,1,1,1,1,1,1,0,1,1,0,-1,1,1,1,1,1,1,1,1,1,1,1,0,0,1,0,1,1
https://orbitworld.ca,1,1,1,1,1,1,1,1,1,1,1,1,-1,-1,0,0,1,1,1,1,1,1,1,-1,-1,0,0,1,-1,1,1
https://pampacom.com.ar,1,1,1,1,1,1,0,1,1,1,1,1,-1,-1,0,-1,1,1,1,1,1,1,1,1,1,0,0,1,-1,1,1
https://paltry.world,1,1,1,1,1,1,1,1,-1,0,1,1,-1,0,-1,0,0,1,-1,0,0,0,0,-1,-1,0,0,1,-1,1,1
https://pame.gr,1,1,1,1,1,1,1,1,-1,1,1,1,-1,1,0,1,1,1,1,1,1,1,1,-1,-1,0,0,1,-1,1,1
https://olighthk.com,1,1,1,1,1,1,1,1,1,0,1,1,-1,0,-1,0,0,1,-1,0,0,0,0,1,1,0,0,1,-1,1,1
https://palacio.life,1,1,1,1,1,1,1,1,-1,0,1,1,0,0,0,1,1,1,1,1,1,1,1,-1,-1,0,0,1,1,1,1
https://optometry.org.au,1,1,1,1,1,1,0,1,-1,1,1,1,-1,1,-1,0,1,1,1,1,1,1,1,-1,-1,0,0,1,-1,1,1
https://openinstall.com,1,1,1,1,1,1,1,1,1,1,1,1,1,1,1,1,1,1,1,1,1,1,1,1,1,0,0,1,-1,1,1
https://patreondev.com,1,1,1,1,1,1,1,1,1,0,1,1,-1,0,-1,0,0,1,-1,0,0,0,0,1,1,0,0,1,-1,1,1
https://northamericancompany.com,1,1,1,1,1,1,1,1,1,0,1,1,-1,0,-1,0,0,1,-1,0,0,0,0,1,1,0,0,1,-1,1,1
https://pasukan88-guys.com,1,1,1,1,1,-1,1,1,1,-1,1,1,0,-1,1,1,1,1,1,1,1,1,1,1,1,0,0,1,1,1,1
https://parking.ai,1,1,1,1,1,1,1,1,-1,1,1,1,1,1,0,1,1,1,0,1,1,1,1,1,1,0,0,1,-1,1,1
https://papernest.com,1,1,1,1,1,1,1,1,1,1,1,1,1,0,-1,1,1,1,1,1,1,1,1,1,1,0,0,1,-1,1,1
https://pecheur.com,1,1,1,1,1,1,1,1,1,-1,1,1,0,-1,1,1,1,1,1,1,1,1,1,1,1,0,0,1,1,1,1
https://pbxai.com,1,1,1,1,1,1,1,1,1,0,1,1,0,0,0,1,1,1,1,1,1,1,1,1,1,0,0,1,1,1,1
https://paveapi.com,1,1,1,1,1,1,1,1,1,1,1,1,1,-1,1,1,1,1,1,1,1,1,1,1,1,0,0,1,-1,1,1
https://pescanik.net,1,1,1,1,1,1,1,1,1,0,1,1,0,0,0,1,1,1,1,1,1,1,1,1,1,0,0,1,1,1,1
https://peyoung.co.jp,1,1,1,1,1,1,0,1,-1,1,1,1,-1,-1,0,1,1,1,1,1,1,1,1,-1,-1,0,0,1,-1,1,1
https://paleoitalia.org,1,1,1,1,1,1,1,1,1,-1,1,1,0,-1,1,1,1,1,1,1,1,1,1,1,1,0,0,1,1,1,1
https://paxton-access.com,1,1,1,1,1,-1,1,1,1,0,1,1,0,0,0,1,1,1,1,1,1,1,1,1,1,0,0,1,1,1,1
https://philipinosingles.com,1,1,1,1,1,1,1,1,1,-1,1,1,0,-1,1,1,1,1,1,1,1,1,1,1,1,0,0,1,1,1,1
https://pepperhq.com,1,1,1,1,1,1,1,1,1,-1,1,1,1,-1,1,1,1,1,1,1,1,1,1,1,1,0,0,1,-1,1,1
https://peopleinneed.net,1,1,1,1,1,1,1,1,1,1,1,1,1,1,0,1,1,1,1,1,1,1,1,1,1,0,0,1,-1,1,1
https://perfectuniversity.uz,1,1,1,1,1,1,1,1,1,0,1,1,-1,0,-1,0,0,1,-1,0,0,0,0,1,1,0,0,1,-1,1,1
https://pearlharbor.org,1,1,1,1,1,1,1,1,1,1,1,1,1,-1,-1,0,-1,1,1,1,1,1,-1,1,1,0,0,1,-1,1,1
https://pharmaceutical-journal.com,1,1,1,1,1,-1,1,1,1,0,1,1,0,0,0,1,1,1,1,1,1,1,1,1,1,0,0,1,1,1,1
https://pilotmoment.com,1,1,1,1,1,1,1,1,1,-1,1,1,0,-1,1,1,1,1,1,1,1,1,1,-1,-1,0,0,1,1,1,1
https://planningveto.com,1,1,1,1,1,1,1,1,1,0,1,1,-1,0,-1,0,0,1,-1,0,0,0,0,1,1,0,0,1,-1,1,1
https://pneumaticspro.ca,1,1,1,1,1,1,1,1,1,1,1,1,-1,-1,0,0,-1,1,1,1,1,1,1,1,1,0,0,1,-1,1,1
https://posi.qa,1,1,1,1,1,1,1,1,-1,0,1,1,-1,0,-1,0,0,1,-1,0,0,0,0,-1,-1,0,0,1,-1,1,1
https://physiosupplies.ie,1,1,1,1,1,1,1,1,1,1,1,1,-1,-1,0,0,-1,1,1,1,1,1,1,1,1,0,0,1,-1,1,1
https://proseolinksdirectorylocalbusinesspromotion.shop,1,0,1,1,1,1,1,1,-1,0,1,1,-1,0,-1,0,0,1,-1,0,0,0,0,-1,-1,0,0,1,-1,1,1
https://pixelio.de,1,1,1,1,1,1,1,1,-1,1,1,1,-1,-1,1,0,-1,1,0,1,1,1,1,-1,-1,0,0,1,-1,1,1
https://powerslots.ca,1,1,1,1,1,1,1,1,1,1,1,1,0,-1,0,1,1,1,1,1,1,1,1,-1,-1,0,0,1,-1,1,1
https://prsts.de,1,1,1,1,1,1,1,1,-1,0,1,1,-1,0,-1,0,0,1,-1,0,0,0,0,-1,-1,0,0,1,-1,1,1
https://poco.in,1,1,1,1,1,1,1,1,1,1,1,1,0,0,-1,1,1,1,1,1,1,1,1,1,1,0,0,1,1,1,1
https://pleiades.io,1,1,1,1,1,1,1,1,1,1,1,1,-1,-1,0,1,1,1,1,1,1,1,1,1,1,0,0,1,-1,1,1
https://profiwh.com,1,1,1,1,1,1,1,1,1,0,1,1,-1,0,-1,0,0,1,-1,0,0,0,0,1,1,0,0,1,-1,1,1
https://pointdecontact.net,1,1,1,1,1,1,1,1,1,1,1,1,0,0,-1,1,1,1,1,1,1,1,1,1,1,0,0,1,-1,1,1
https://problogger.com,1,1,1,1,1,1,1,1,1,1,1,1,-1,1,-1,1,1,1,1,1,1,-1,1,1,1,0,0,1,-1,1,1
https://precisionvaccinations.com,1,1,1,1,1,1,1,1,1,1,1,1,-1,-1,1,1,1,1,1,1,1,1,1,1,1,0,0,1,-1,1,1
https://pp11px.com,1,1,1,1,1,1,1,1,1,1,1,1,0,0,0,1,1,1,1,1,1,1,1,1,1,0,0,1,1,1,1
https://prs-trade.ru,1,1,1,1,1,-1,1,1,1,1,1,1,1,-1,1,-1,1,1,1,1,1,1,1,1,1,0,0,1,-1,1,1
https://politics.blog,1,1,1,1,1,1,1,1,1,1,1,1,1,0,0,1,1,1,1,1,1,-1,1,1,1,0,0,1,-1,1,1
https://provincialnetcash.com,1,1,1,1,1,1,1,1,1,0,1,1,1,0,0,1,1,1,1,1,1,1,1,1,1,0,0,1,1,1,1
https://programanovodia.com.br,1,1,1,1,1,1,0,1,1,1,1,1,-1,-1,1,0,-1,1,1,1,1,1,-1,1,1,0,0,1,-1,1,1
https://providerflow.com,1,1,1,1,1,1,1,1,1,1,1,1,1,-1,0,0,1,1,1,1,1,1,1,1,1,0,0,1,-1,1,1
https://pwnewmedia.net,1,1,1,1,1,1,1,1,1,0,1,1,-1,0,-1,0,0,1,-1,0,0,0,0,1,1,0,0,1,-1,1,1
https://quiltingboard.com,1,1,1,1,1,1,1,1,1,0,1,1,0,0,0,1,1,1,1,1,1,1,1,1,1,0,0,1,1,1,1
https://quentn-site.com,1,1,1,1,1,-1,1,1,1,0,1,1,-1,0,-1,0,0,1,-1,0,0,0,0,1,1,0,0,1,-1,1,1
https://punjabpigeons.com,1,1,1,1,1,1,1,1,1,-1,1,1,1,-1,1,1,1,1,1,1,1,1,1,1,1,0,0,1,1,1,1
https://radinetpro.com,1,1,1,1,1,1,1,1,1,0,1,1,-1,0,-1,0,0,1,-1,0,0,0,0,1,1,0,0,1,-1,1,1
https://qavat.net,1,1,1,1,1,1,1,1,1,0,1,1,0,0,0,1,1,1,1,1,1,1,1,1,1,0,0,1,1,1,1
https://qmwxz.com,1,1,1,1,1,1,1,1,1,0,1,1,-1,0,-1,0,0,1,-1,0,0,0,0,1,1,0,0,1,-1,1,1
https://railwayage.com,1,1,1,1,1,1,1,1,1,0,1,1,0,0,0,1,1,1,1,1,1,1,1,1,1,0,0,1,1,1,1
https://qizutv.cc,1,1,1,1,1,1,1,1,1,0,1,1,0,0,0,1,1,1,1,1,1,1,1,1,1,0,0,1,1,1,1
https://rawpixel.com,1,1,1,1,1,1,1,1,1,0,1,1,0,0,0,1,1,1,1,1,1,1,1,1,1,0,0,1,1,1,1
https://ramajudicial.gov.co,1,1,1,1,1,1,0,1,1,0,1,1,-1,0,-1,0,0,1,-1,0,0,0,0,1,1,0,0,1,-1,1,1
https://raizhost.com.br,1,1,1,1,1,1,0,1,1,1,1,1,-1,-1,0,0,1,1,1,1,1,1,1,1,1,0,0,1,-1,1,1
https://pozhvanov.com,1,1,1,1,1,1,1,1,1,1,1,1,1,-1,-1,1,1,1,1,1,1,1,1,1,1,0,0,1,-1,1,1
https://releases.com,1,1,1,1,1,1,1,1,1,0,1,1,0,0,0,1,1,1,1,1,1,1,1,1,1,0,0,1,1,1,1
https://reelsdaily.co.uk,1,1,1,1,1,1,0,1,1,1,1,1,0,-1,0,-1,1,1,1,1,1,1,1,1,1,0,0,1,-1,1,1
https://rentlocally.co.uk,1,1,1,1,1,1,0,1,1,0,1,1,0,0,0,1,1,1,1,1,1,1,1,1,1,0,0,1,1,1,1
https://reputationx.com,1,1,1,1,1,1,1,1,1,0,1,1,0,0,0,1,1,1,1,1,1,1,1,1,1,0,0,1,1,1,1
https://realitysandwich.com,1,1,1,1,1,1,1,1,1,1,1,1,-1,1,-1,0,1,1,1,1,1,1,1,1,1,0,0,1,-1,1,1
https://rahaspecial.com,1,1,1,1,1,1,1,1,1,1,1,1,-1,1,-1,1,1,1,1,1,1,1,1,1,1,0,0,1,-1,1,1
https://rapidwhm.com,1,1,1,1,1,1,1,1,1,0,1,1,0,0,0,1,1,1,1,1,1,1,1,1,1,0,0,1,1,1,1
https://reway.nl,1,1,1,1,1,1,1,1,-1,1,1,1,-1,-1,0,0,1,1,1,1,1,1,1,1,1,0,0,1,-1,1,1
https://rev.ai,1,1,1,1,1,1,1,1,-1,1,1,1,1,0,0,1,-1,1,1,1,1,1,1,1,1,0,0,1,-1,1,1
https://reshet.tv,1,1,1,1,1,1,1,1,1,1,1,1,-1,-1,0,1,-1,1,1,1,1,1,1,1,1,0,0,1,-1,1,1
https://rag-bone.com,1,1,1,1,1,-1,1,1,1,1,1,1,0,-1,1,0,1,1,0,1,1,1,1,1,1,0,0,1,-1,1,1
https://rozwork.com,1,1,1,1,1,1,1,1,1,0,1,1,-1,0,-1,0,0,1,-1,0,0,0,0,1,1,0,0,1,-1,1,1
https://reedmedia.net,1,1,1,1,1,1,1,1,1,0,1,1,-1,0,-1,0,0,1,-1,0,0,0,0,1,1,0,0,1,-1,1,1
https://pzhsdqfybjfwzx.cn,1,1,1,1,1,1,1,1,1,0,1,1,-1,0,-1,0,0,1,-1,0,0,0,0,1,1,0,0,1,-1,1,1
https://rivne1.tv,1,1,1,1,1,1,1,1,1,1,1,1,-1,-1,0,1,1,1,1,1,1,1,1,1,1,0,0,1,-1,1,1
https://recercat.cat,1,1,1,1,1,1,1,1,1,1,1,1,0,-1,0,0,1,1,1,1,1,1,1,1,1,0,0,1,-1,1,1
https://runahr.com,1,1,1,1,1,1,1,1,1,0,1,1,0,0,0,1,1,1,1,1,1,1,1,1,1,0,0,1,1,1,1
https://ripplescience.com,1,1,1,1,1,1,1,1,1,1,1,1,1,-1,1,1,1,1,1,1,1,1,1,1,1,0,0,1,1,1,1
https://rupto.ru,1,1,1,1,1,1,1,1,1,0,1,1,-1,0,-1,0,0,1,-1,0,0,0,0,1,1,0,0,1,-1,1,1
https://routesnorth.com,1,1,1,1,1,1,1,1,1,1,1,1,0,1,-1,1,1,1,1,1,1,1,1,1,1,0,0,1,-1,1,1
https://rioandlearn.com,1,1,1,1,1,1,1,1,1,1,1,1,0,1,-1,1,-1,1,1,1,1,1,1,1,1,0,0,1,-1,1,1
https://reconocepuntosaxa.com,1,1,1,1,1,1,1,1,1,0,1,1,-1,0,-1,0,0,1,-1,0,0,0,0,1,1,0,0,1,-1,1,1
https://quericavida.com,1,1,1,1,1,1,1,1,1,1,1,1,1,-1,0,1,1,1,0,1,1,1,1,1,1,0,0,1,0,1,1
https://safcstore.com,1,1,1,1,1,1,1,1,1,0,1,1,0,0,0,1,1,1,1,1,1,1,1,1,1,0,0,1,1,1,1
https://saifedean.com,1,1,1,1,1,1,1,1,1,-1,1,1,1,-1,1,1,-1,1,1,1,1,1,1,1,1,0,0,1,-1,1,1
https://scenebrillant.fr,1,1,1,1,1,1,1,1,1,-1,1,1,0,-1,1,1,1,1,1,1,1,1,1,-1,-1,0,0,1,1,1,1
https://sanacorp.cloud,1,1,1,1,1,1,1,1,1,0,1,1,-1,0,-1,0,0,1,-1,0,0,0,0,1,1,0,0,1,-1,1,1
https://sankuaei.com,1,1,1,1,1,1,1,1,1,0,1,1,-1,0,-1,0,0,1,-1,0,0,0,0,-1,-1,0,0,1,-1,1,1
https://samanagahohe.lat,1,1,1,1,1,1,1,1,1,1,1,1,1,-1,0,0,1,1,1,1,1,1,1,1,1,0,0,1,-1,1,1
https://scahw.com.au,1,1,1,1,1,1,0,1,-1,0,1,1,-1,0,-1,0,0,1,-1,0,0,0,0,-1,-1,0,0,1,-1,1,1
https://samarombegin.com,1,1,1,1,1,1,1,1,1,0,1,1,-1,0,-1,0,0,1,-1,0,0,0,0,1,1,0,0,1,-1,1,1
https://salilab.org,1,1,1,1,1,1,1,1,1,1,1,1,-1,-1,0,1,1,1,1,1,1,1,1,1,1,0,0,1,-1,1,1
https://schuldock.de,1,1,1,1,1,1,1,1,-1,1,1,1,1,-1,1,0,1,1,1,1,1,1,1,-1,-1,0,0,1,-1,1,1
https://saglobal.com,1,1,1,1,1,1,1,1,1,0,1,1,0,0,0,1,1,1,0,1,1,1,1,1,1,0,0,1,1,1,1
https://scoundrelpublishing.com,1,1,1,1,1,1,1,1,1,0,1,1,0,0,0,1,1,1,1,1,1,1,1,1,1,0,0,1,1,1,1
https://seedfella.com,1,1,1,1,1,1,1,1,1,1,1,1,-1,-1,0,0,1,1,1,1,1,1,1,1,1,0,0,1,-1,1,1
https://seattlethread.com,1,1,1,1,1,1,1,1,1,1,1,1,-1,-1,0,0,-1,1,1,1,1,1,1,1,1,0,0,1,-1,1,1
https://roundup.com,1,1,1,1,1,1,1,1,1,1,1,1,1,0,1,0,1,1,1,1,1,1,-1,1,1,0,0,1,-1,1,1
https://seoularts.ac.kr,1,1,1,1,1,1,0,1,1,0,1,1,0,0,0,1,1,1,1,1,1,1,1,1,1,0,0,1,1,1,1
https://seha.sa,1,1,1,1,1,1,1,1,-1,1,1,1,0,0,0,1,1,1,1,1,1,1,1,-1,-1,0,0,1,1,1,1
https://scrumball.com,1,1,1,1,1,1,1,1,1,1,1,1,0,-1,1,1,1,1,1,1,1,1,1,1,1,0,0,1,-1,1,1
https://seguituenvio.com,1,1,1,1,1,1,1,1,1,1,1,1,-1,0,0,1,1,1,1,1,1,1,1,1,1,0,0,1,1,1,1
https://sentra.io,1,1,1,1,1,1,1,1,1,1,1,1,1,-1,0,1,-1,1,1,1,1,1,1,1,1,0,0,1,-1,1,1
https://sgmk.ru,1,1,1,1,1,1,1,1,1,1,1,1,-1,-1,0,0,1,1,1,1,1,1,1,1,1,0,0,1,-1,1,1
https://sexdukke.com,1,1,1,1,1,1,1,1,1,1,1,1,-1,-1,-1,0,-1,1,1,1,1,1,1,1,1,0,0,1,-1,1,1
https://sferis.pl,1,1,1,1,1,1,1,1,1,1,1,1,-1,-1,0,0,-1,1,1,1,1,1,1,1,1,0,0,1,-1,1,1
https://server-routing.com,1,1,1,1,1,-1,1,1,1,0,1,1,0,0,0,1,1,1,1,1,1,1,1,1,1,0,0,1,1,1,1
https://server306.com,1,1,1,1,1,1,1,1,1,1,1,1,0,0,-1,1,1,1,1,1,1,1,1,1,1,0,0,1,1,1,1
https://sensacionrural.es,1,1,1,1,1,1,1,1,-1,1,1,1,-1,0,0,0,1,1,0,1,1,1,1,-1,-1,0,0,1,-1,1,1
https://set-test.org,1,1,1,1,1,-1,1,1,1,1,1,1,1,-1,1,1,-1,1,1,1,1,1,1,1,1,0,0,1,-1,1,1
https://sdyylitailong.com,1,1,1,1,1,1,1,1,1,0,1,1,-1,0,-1,0,0,1,-1,0,0,0,0,1,1,0,0,1,-1,1,1
https://senhospital.in,1,1,1,1,1,1,1,1,1,1,1,1,-1,-1,0,0,-1,1,1,1,1,1,-1,1,1,0,0,1,-1,1,1
https://sfic.com,1,1,1,1,1,1,1,1,1,0,1,1,0,0,0,1,1,1,1,1,1,1,1,1,1,0,0,1,1,1,1
https://shturm-n.ru,1,1,1,1,1,-1,1,1,1,1,1,1,1,-1,-1,1,1,1,1,1,1,1,1,1,1,0,0,1,-1,1,1
https://shell.co.za,1,1,1,1,1,1,0,1,1,1,1,1,0,0,0,1,1,1,1,1,1,1,1,1,1,0,0,1,1,1,1
https://sigmaaldrich.id,1,1,1,1,1,1,1,1,-1,0,1,1,-1,0,-1,0,0,1,-1,0,0,0,0,-1,-1,0,0,1,-1,1,1
https://silverwinszone.nl,1,1,1,1,1,1,1,1,-1,1,1,1,0,-1,0,0,1,1,1,1,1,1,1,-1,-1,0,0,1,-1,1,1
https://shirtcity.ch,1,1,1,1,1,1,1,1,-1,1,1,1,0,-1,-1,1,1,1,1,1,1,1,1,-1,-1,0,0,1,-1,1,1
https://sharmax.com,1,1,1,1,1,1,1,1,1,1,1,1,-1,-1,-1,1,-1,1,1,1,1,1,1,1,1,0,0,1,0,1,1
https://shineporn.com,1,1,1,1,1,1,1,1,1,1,1,1,-1,-1,-1,0,1,1,1,1,1,1,-1,1,1,0,0,1,-1,1,1
https://showboxtv.tv,1,1,1,1,1,1,1,1,1,1,1,1,0,0,-1,1,-1,1,1,1,1,1,1,1,1,0,0,1,-1,1,1
https://siposferenc.hu,1,1,1,1,1,1,1,1,-1,0,1,1,-1,0,-1,0,0,1,-1,0,0,0,0,-1,-1,0,0,1,-1,1,1
https://simplytrees.com,1,1,1,1,1,1,1,1,1,1,1,1,-1,-1,0,0,-1,1,1,1,1,1,1,1,1,0,0,1,-1,1,1
https://shyylw.com,1,1,1,1,1,1,1,1,1,1,1,1,-1,-1,0,1,1,1,1,1,1,1,1,1,1,0,0,1,-1,1,1
https://sitka.com,1,1,1,1,1,1,1,1,1,0,1,1,0,1,0,1,1,1,1,1,1,1,1,1,1,0,0,1,0,1,1
https://skinceuticals.fr,1,1,1,1,1,1,1,1,1,0,1,1,0,0,0,1,1,1,1,1,1,1,1,1,1,0,0,1,1,1,1
https://skechers.cz,1,1,1,1,1,1,1,1,1,1,1,1,0,0,0,0,1,1,1,1,1,1,1,1,1,0,0,1,-1,1,1
https://skred.mobi,1,1,1,1,1,1,1,1,-1,1,1,1,1,-1,1,1,1,1,1,1,1,1,1,-1,-1,0,0,1,-1,1,1
https://siberdc.com,1,1,1,1,1,1,1,1,1,1,1,1,1,-1,-1,0,1,1,1,1,1,1,1,1,1,0,0,1,-1,1,1
https://slotifyenterprise.co.uk,1,1,1,1,1,1,0,1,1,0,1,1,-1,0,-1,0,0,1,-1,0,0,0,0,-1,-1,0,0,1,-1,1,1
https://smartrivercenter.nl,1,1,1,1,1,1,1,1,-1,1,1,1,-1,-1,0,0,1,1,1,1,1,1,1,-1,-1,0,0,1,-1,1,1
https://small.kz,1,1,1,1,1,1,1,1,-1,0,1,1,0,0,0,1,1,1,1,1,1,1,1,-1,-1,0,0,1,1,1,1
https://sisafocus.co.kr,1,1,1,1,1,1,0,1,1,1,1,1,-1,-1,-1,0,-1,1,1,1,1,1,1,1,1,0,0,1,-1,1,1
https://slotsgem.com,1,1,1,1,1,1,1,1,1,1,1,1,1,0,0,1,1,1,1,1,1,1,1,1,1,0,0,1,1,1,1
https://singlebet-calculator.com,1,1,1,1,1,-1,1,1,1,1,1,1,-1,-1,0,1,1,1,0,1,1,1,1,-1,-1,0,0,1,-1,1,1
https://skywardjourney.com,1,1,1,1,1,1,1,1,1,1,1,1,-1,-1,-1,0,1,1,1,1,1,1,1,1,1,0,0,1,-1,1,1
https://skvjaj4777vkdiwe.com,1,1,1,1,1,1,1,1,1,-1,1,1,0,0,0,1,1,1,1,1,1,1,1,1,1,0,0,1,1,1,1
https://shout.pt,1,1,1,1,1,1,1,1,-1,0,1,1,0,0,0,1,1,1,1,1,1,1,1,-1,-1,0,0,1,1,1,1
https://snn.gr,1,1,1,1,1,1,1,1,-1,0,1,1,-1,0,-1,0,0,1,-1,0,0,0,0,-1,-1,0,0,1,-1,1,1
https://southerncablevision.com.ph,1,1,1,1,1,1,0,1,-1,0,1,1,0,0,0,1,1,1,1,1,1,1,1,-1,-1,0,0,1,1,1,1
https://sparkasse-rhein-nahe.de,1,1,1,1,1,-1,1,1,-1,1,1,1,-1,-1,0,0,1,1,1,1,1,1,1,-1,-1,0,0,1,-1,1,1
https://spyfam.com,1,1,1,1,1,1,1,1,1,1,1,1,0,0,0,1,1,1,1,1,1,1,1,1,1,0,0,1,1,1,1
https://sparcelectrex.com,1,1,1,1,1,1,1,1,1,1,1,1,-1,-1,0,1,1,1,1,1,1,1,1,1,1,0,0,1,-1,1,1
https://sqpay555.com,1,1,1,1,1,1,1,1,1,0,1,1,-1,0,-1,0,0,1,-1,0,0,0,0,1,1,0,0,1,-1,1,1
https://slovakeducation.com,1,1,1,1,1,1,1,1,1,0,1,1,0,-1,0,1,1,1,1,1,1,1,1,1,1,0,0,1,0,1,1
https://sortscape.com,1,1,1,1,1,1,1,1,1,1,1,1,-1,-1,-1,0,1,1,0,1,1,1,1,1,1,0,0,1,1,1,1
https://srtet.co.th,1,1,1,1,1,1,0,1,-1,1,1,1,-1,-1,0,1,-1,1,1,1,1,-1,1,-1,-1,0,0,1,-1,1,1
https://sport1.pl,1,1,1,1,1,1,1,1,1,1,1,1,-1,-1,0,1,1,1,1,1,1,1,1,1,1,0,0,1,-1,1,1
https://spb.eu,1,1,1,1,1,1,1,1,-1,1,1,1,-1,1,-1,1,1,1,1,1,1,1,1,-1,-1,0,0,1,-1,1,1
https://silvergamingmarket.com,1,1,1,1,1,1,1,1,1,1,1,1,-1,-1,0,0,1,1,1,1,1,1,1,-1,-1,0,0,1,-1,1,1
https://shopaccae.com,1,1,1,1,1,1,1,1,1,0,1,1,-1,0,-1,0,0,1,-1,0,0,0,0,1,1,0,0,1,-1,1,1
https://sshocean.com,1,1,1,1,1,1,1,1,1,1,1,1,-1,1,1,1,1,1,1,1,1,1,1,1,1,0,0,1,-1,1,1
https://ssonet.nl,1,1,1,1,1,1,1,1,-1,1,1,1,1,-1,-1,0,1,1,1,1,1,1,1,1,1,0,0,1,-1,1,1
https://sssmediacentre.org,1,1,1,1,1,1,1,1,1,1,1,1,-1,0,0,1,1,1,1,1,1,1,1,1,1,0,0,1,1,1,1
https://strefaedukacji.pl,1,1,1,1,1,1,1,1,1,0,1,1,0,0,0,1,1,1,1,1,1,1,1,1,1,0,0,1,1,1,1
https://studioalfan.online,1,1,1,1,1,1,1,1,1,0,1,1,-1,0,-1,0,0,1,-1,0,0,0,0,1,1,0,0,1,-1,1,1
https://supraten.md,1,1,1,1,1,1,1,1,-1,0,1,1,0,0,0,1,1,1,1,1,1,1,1,-1,-1,0,0,1,1,1,1
https://swcaw7qx.com,1,1,1,1,1,1,1,1,1,0,1,1,-1,0,-1,0,0,1,-1,0,0,0,0,1,1,0,0,1,-1,1,1
https://stophazing.org,1,1,1,1,1,1,1,1,1,1,1,1,1,1,0,1,-1,1,1,1,1,1,1,1,1,0,0,1,-1,1,1
https://switchup.de,1,1,1,1,1,1,1,1,-1,1,1,1,1,-1,0,1,1,1,1,1,1,1,-1,-1,-1,0,0,1,-1,1,1
https://stdout.cz,1,1,1,1,1,1,1,1,1,1,1,1,1,-1,1,1,1,1,0,1,1,1,1,1,1,0,0,1,-1,1,1
https://sportheroesgroup.com,1,1,1,1,1,1,1,1,1,0,1,1,-1,0,-1,0,0,1,-1,0,0,0,0,1,1,0,0,1,-1,1,1
https://snubugo.net,1,1,1,1,1,1,1,1,1,0,1,1,-1,0,-1,0,0,1,-1,0,0,0,0,1,1,0,0,1,-1,1,1
https://snozoneuk.com,1,1,1,1,1,1,1,1,1,1,1,1,0,-1,0,0,1,1,1,1,1,1,1,1,1,0,0,1,-1,1,1
https://structural-learning.com,1,1,1,1,1,-1,1,1,1,-1,1,1,1,-1,1,0,-1,1,1,1,1,-1,1,1,1,0,0,1,-1,1,1
https://swipeconnection.com,1,1,1,1,1,1,1,1,1,-1,1,1,1,-1,1,1,1,1,1,1,1,1,1,1,1,0,0,1,-1,1,1
https://tapgo.app,1,1,1,1,1,1,1,1,-1,0,1,1,-1,0,-1,0,0,1,-1,0,0,0,0,-1,-1,0,0,1,-1,1,1
https://solarreelsspace.com,1,1,1,1,1,1,1,1,1,1,1,1,-1,-1,0,0,1,1,1,1,1,1,1,-1,-1,0,0,1,-1,1,1
https://superxh.life,1,1,1,1,1,1,1,1,-1,1,1,1,1,-1,1,-1,1,1,1,1,1,1,1,-1,-1,0,0,1,-1,1,1
https://szkolna.net,1,1,1,1,1,1,1,1,1,0,1,1,0,0,0,0,1,1,1,1,1,1,1,1,1,0,0,1,1,1,1
https://stockedfood.com,1,1,1,1,1,1,1,1,1,1,1,1,-1,0,0,1,1,1,1,1,1,1,1,1,1,0,0,1,-1,1,1
https://surfbirds.com,1,1,1,1,1,1,1,1,1,0,1,1,-1,0,-1,0,0,1,-1,0,0,0,0,1,1,0,0,1,-1,1,1
https://storiq.net,1,1,1,1,1,1,1,1,1,-1,1,1,1,-1,1,1,1,1,1,1,1,1,1,1,1,0,0,1,-1,1,1
https://tabletopaudio.com,1,1,1,1,1,1,1,1,1,1,1,1,-1,-1,0,1,1,1,1,1,1,1,1,1,1,0,0,1,-1,1,1
https://syogai-koyo-bank.com,1,1,1,1,1,-1,1,1,1,1,1,1,-1,-1,-1,0,1,1,1,1,1,1,1,1,1,0,0,1,-1,1,1
https://technicpack.net,1,1,1,1,1,1,1,1,1,0,1,1,0,0,0,1,1,1,1,1,1,1,1,1,1,0,0,1,1,1,1
https://stellarluckyzone.com,1,1,1,1,1,1,1,1,1,1,1,1,-1,-1,0,1,1,1,1,1,1,1,1,-1,-1,0,0,1,-1,1,1
https://tass.com,1,1,1,1,1,1,1,1,1,0,1,1,0,0,0,1,1,1,1,1,1,1,1,1,1,0,0,1,1,1,1
https://tauday.com,1,1,1,1,1,1,1,1,1,1,1,1,0,-1,0,1,1,1,1,1,1,1,-1,1,1,0,0,1,-1,1,1
https://telega.in,1,1,1,1,1,1,1,1,1,0,1,1,1,-1,1,0,1,1,1,1,1,1,1,1,1,0,0,1,-1,1,1
https://taminmohtava.ir,1,1,1,1,1,1,1,1,-1,1,1,1,-1,-1,-1,1,1,1,1,1,1,1,1,-1,-1,0,0,1,1,1,1
https://telepecas.com,1,1,1,1,1,1,1,1,1,0,1,1,0,0,0,1,1,1,1,1,1,1,1,1,1,0,0,1,1,1,1
https://tekst-pesni.ru,1,1,1,1,1,-1,1,1,1,1,1,1,-1,-1,0,1,1,1,1,1,1,-1,1,1,1,0,0,1,-1,1,1
https://swedesintexas.com,1,1,1,1,1,1,1,1,1,0,1,1,-1,0,-1,0,0,1,-1,0,0,0,0,1,1,0,0,1,-1,1,1
https://telethon.fr,1,1,1,1,1,1,1,1,1,1,1,1,-1,0,1,1,1,1,1,1,1,1,1,1,1,0,0,1,-1,1,1
https://telesinstore.com,1,1,1,1,1,1,1,1,1,1,1,1,-1,0,0,0,1,1,1,1,1,1,1,1,1,0,0,1,-1,1,1
https://thefootfactory.co.uk,1,1,1,1,1,1,0,1,1,1,1,1,-1,-1,0,0,1,1,1,1,1,1,1,1,1,0,0,1,-1,1,1
https://theagency.com.au,1,1,1,1,1,1,0,1,-1,0,1,1,0,0,0,1,1,1,1,1,1,1,1,-1,-1,0,0,1,1,1,1
https://supremeslotzone.com,1,1,1,1,1,1,1,1,1,1,1,1,-1,-1,0,0,1,1,1,1,1,1,1,-1,-1,0,0,1,-1,1,1
https://theatrum-paracelsicum.com,1,1,1,1,1,-1,1,1,1,1,1,1,-1,-1,0,0,1,1,1,1,1,1,1,1,1,0,0,1,-1,1,1
https://tmgauto.ru,1,1,1,1,1,1,1,1,1,0,1,1,-1,0,-1,0,0,1,-1,0,0,0,0,1,1,0,0,1,-1,1,1
https://thehouseofmarley.com,1,1,1,1,1,1,1,1,1,1,1,1,-1,-1,0,0,1,1,1,1,1,1,1,1,1,0,0,1,-1,1,1
https://teslatoto476.com,1,1,1,1,1,1,1,1,1,1,1,1,1,-1,1,0,1,1,1,1,1,1,1,-1,-1,0,0,1,-1,1,1
https://thepetstable.com,1,1,1,1,1,1,1,1,1,0,1,1,0,0,0,1,1,1,1,1,1,1,1,1,1,0,0,1,1,1,1
https://thrfeed.com,1,1,1,1,1,1,1,1,1,0,1,1,-1,0,-1,0,0,1,-1,0,0,0,0,1,1,0,0,1,-1,1,1
https://tiendapadelpoint.com,1,1,1,1,1,1,1,1,1,0,1,1,0,0,0,1,1,1,1,1,1,1,1,1,1,0,0,1,1,1,1
https://tri.co.id,1,1,1,1,1,1,0,1,-1,1,1,1,1,0,0,1,1,1,1,1,1,1,-1,-1,-1,0,0,1,1,1,1
https://tigo.net.bo,1,1,1,1,1,1,0,1,-1,0,1,1,-1,0,-1,0,0,1,-1,0,0,0,0,-1,-1,0,0,1,-1,1,1
https://ticketfairy.com,1,1,1,1,1,1,1,1,1,1,1,1,-1,-1,0,0,1,1,1,1,1,1,1,1,1,0,0,1,-1,1,1
https://tbe.org,1,1,1,1,1,1,1,1,-1,-1,1,1,0,-1,1,1,1,1,1,1,1,1,1,-1,-1,0,0,1,-1,1,1
https://t-mobilereservedseats.com,1,1,1,1,1,-1,1,1,1,1,1,1,-1,-1,-1,0,1,1,1,1,1,1,1,1,1,0,0,1,0,1,1
https://teachiworld.com,1,1,1,1,1,1,1,1,1,0,1,1,-1,0,-1,0,0,1,-1,0,0,0,0,1,1,0,0,1,-1,1,1
https://truefans.fm,1,1,1,1,1,1,1,1,-1,1,1,1,0,-1,-1,1,1,1,1,1,1,1,1,-1,-1,0,0,1,-1,1,1
https://trade-copier.com,1,1,1,1,1,-1,1,1,-1,0,1,1,-1,0,-1,0,0,1,-1,0,0,0,0,-1,-1,0,0,1,-1,1,1
https://topde.net,1,1,1,1,1,1,1,1,-1,1,1,1,0,1,0,1,-1,1,1,1,1,1,1,-1,-1,0,0,1,-1,1,1
https://triadtowellness.com,1,1,1,1,1,1,1,1,-1,1,1,1,0,-1,-1,1,1,1,1,1,1,1,1,-1,-1,0,0,1,-1,1,1
https://tool-advisor.fr,1,1,1,1,1,-1,1,1,-1,1,1,1,0,1,-1,1,-1,1,1,1,1,1,1,-1,-1,0,0,1,-1,1,1
https://tipsandtricks-hq.com,1,1,1,1,1,-1,1,1,-1,1,1,1,1,1,-1,0,1,1,1,1,1,1,1,-1,-1,0,0,1,-1,1,1
https://thesisai.io,1,1,1,1,1,1,1,1,-1,1,1,1,-1,-1,-1,1,1,1,1,1,1,1,-1,-1,-1,0,0,1,-1,1,1
https://trailbuiltoffroad.com,1,1,1,1,1,1,1,1,-1,0,1,1,0,0,0,1,1,1,1,1,1,1,1,-1,-1,0,0,1,1,1,1
https://tourfactory.com,1,1,1,1,1,1,1,1,-1,0,1,1,0,0,0,1,1,1,1,1,1,1,1,-1,-1,0,0,1,1,1,1
https://triplettx.com,1,1,1,1,1,1,1,1,-1,1,1,1,-1,-1,0,1,1,1,1,1,1,1,1,-1,-1,0,0,1,-1,1,1
https://transcat.com,1,1,1,1,1,1,1,1,-1,0,1,1,0,0,0,1,1,1,1,1,1,1,1,-1,-1,0,0,1,1,1,1
https://tizam.video,1,1,1,1,1,1,1,1,-1,1,1,1,-1,-1,-1,0,-1,1,1,1,1,1,1,-1,-1,0,0,1,-1,1,1
https://ttmovefm.com,1,1,1,1,1,1,1,1,-1,0,1,1,-1,0,-1,0,0,1,-1,0,0,0,0,-1,-1,0,0,1,-1,1,1
https://trfastenings.com,1,1,1,1,1,1,1,1,-1,0,1,1,-1,0,-1,0,0,1,-1,0,0,0,0,-1,-1,0,0,1,-1,1,1
https://toggle.sg,1,1,1,1,1,1,1,1,-1,0,1,1,-1,0,-1,0,0,1,-1,0,0,0,0,-1,-1,0,0,1,-1,1,1
https://trueshotammo.com,1,1,1,1,1,1,1,1,-1,0,1,1,-1,0,-1,0,0,1,-1,0,0,0,0,-1,-1,0,0,1,-1,1,1
https://tt3322a.com,1,1,1,1,1,1,1,1,-1,0,1,1,-1,0,-1,0,0,1,-1,0,0,0,0,-1,-1,0,0,1,-1,1,1
https://twopinkpeonies.com,1,1,1,1,1,1,1,1,-1,0,1,1,-1,0,-1,0,0,1,-1,0,0,0,0,-1,-1,0,0,1,-1,1,1
https://ultraslotspro.com,1,1,1,1,1,1,1,1,-1,0,1,1,-1,0,-1,0,0,1,-1,0,0,0,0,-1,-1,0,0,1,-1,1,1
https://tusenfryd.no,1,1,1,1,1,1,1,1,-1,0,1,1,-1,0,-1,0,0,1,-1,0,0,0,0,-1,-1,0,0,1,-1,1,1
https://ubst.club,1,1,1,1,1,1,1,1,-1,0,1,1,-1,0,-1,0,0,1,-1,0,0,0,0,-1,-1,0,0,1,-1,1,1
https://ubterjeep.co.in,1,1,1,1,1,1,0,1,-1,0,1,1,-1,0,-1,0,0,1,-1,0,0,0,0,-1,-1,0,0,1,-1,1,1
https://ucp.cz,1,1,1,1,1,1,1,1,-1,0,1,1,-1,0,-1,0,0,1,-1,0,0,0,0,-1,-1,0,0,1,-1,1,1
https://ufinet.com.py,1,1,1,1,1,1,0,1,-1,0,1,1,-1,0,-1,0,0,1,-1,0,0,0,0,-1,-1,0,0,1,-1,1,1
https://ukcampingandleisure.co.uk,1,1,1,1,1,1,0,1,-1,0,1,1,-1,0,-1,0,0,1,-1,0,0,0,0,-1,-1,0,0,1,-1,1,1
https://ultaahost.monster,1,1,1,1,1,1,1,1,-1,0,1,1,-1,0,-1,0,0,1,-1,0,0,0,0,-1,-1,0,0,1,-1,1,1
https://ultimategamblenetwork.com,1,1,1,1,1,1,1,1,-1,0,1,1,-1,0,-1,0,0,1,-1,0,0,0,0,-1,-1,0,0,1,-1,1,1
https://uni.com,1,1,1,1,1,1,1,1,-1,0,1,1,-1,0,-1,0,0,1,-1,0,0,0,0,-1,-1,0,0,1,-1,1,1
https://umpcportal.com,1,1,1,1,1,1,1,1,-1,0,1,1,-1,0,-1,0,0,1,-1,0,0,0,0,-1,-1,0,0,1,-1,1,1
https://ultrapokerempirex.com,1,1,1,1,1,1,1,1,-1,0,1,1,-1,0,-1,0,0,1,-1,0,0,0,0,-1,-1,0,0,1,-1,1,1
https://ulyclinic.com,1,1,1,1,1,1,1,1,-1,0,1,1,-1,0,-1,0,0,1,-1,0,0,0,0,-1,-1,0,0,1,-1,1,1
https://unibuc.ro,1,1,1,1,1,1,1,1,-1,0,1,1,-1,0,-1,0,0,1,-1,0,0,0,0,-1,-1,0,0,1,-1,1,1
https://univ-avignon.fr,1,1,1,1,1,-1,1,1,-1,0,1,1,-1,0,-1,0,0,1,-1,0,0,0,0,-1,-1,0,0,1,-1,1,1
https://universimed.com,1,1,1,1,1,1,1,1,-1,0,1,1,-1,0,-1,0,0,1,-1,0,0,0,0,-1,-1,0,0,1,-1,1,1
https://unplugged.com,1,1,1,1,1,1,1,1,-1,0,1,1,-1,0,-1,0,0,1,-1,0,0,0,0,-1,-1,0,0,1,-1,1,1
https://upt.pt,1,1,1,1,1,1,1,1,-1,0,1,1,-1,0,-1,0,0,1,-1,0,0,0,0,-1,-1,0,0,1,-1,1,1
https://updf.go.ug,1,1,1,1,1,1,0,1,-1,0,1,1,-1,0,-1,0,0,1,-1,0,0,0,0,-1,-1,0,0,1,-1,1,1
https://urbangamble904.com,1,1,1,1,1,1,1,1,-1,0,1,1,-1,0,-1,0,0,1,-1,0,0,0,0,-1,-1,0,0,1,-1,1,1
https://usa7adds.top,1,1,1,1,1,1,1,1,-1,0,1,1,-1,0,-1,0,0,1,-1,0,0,0,0,-1,-1,0,0,1,-1,1,1
https://usenetexpress.com,1,1,1,1,1,1,1,1,-1,0,1,1,-1,0,-1,0,0,1,-1,0,0,0,0,-1,-1,0,0,1,-1,1,1
https://utopia.education,1,1,1,1,1,1,1,1,-1,0,1,1,-1,0,-1,0,0,1,-1,0,0,0,0,-1,-1,0,0,1,-1,1,1
https://v3ycymvk.com,1,1,1,1,1,1,1,1,-1,0,1,1,-1,0,-1,0,0,1,-1,0,0,0,0,-1,-1,0,0,1,-1,1,1
https://vacancyform.com,1,1,1,1,1,1,1,1,-1,0,1,1,-1,0,-1,0,0,1,-1,0,0,0,0,-1,-1,0,0,1,-1,1,1
https://v51124.qpon,1,1,1,1,1,1,1,1,-1,0,1,1,-1,0,-1,0,0,1,-1,0,0,0,0,-1,-1,0,0,1,-1,1,1
https://valdisere.com,1,1,1,1,1,1,1,1,-1,0,1,1,-1,0,-1,0,0,1,-1,0,0,0,0,-1,-1,0,0,1,-1,1,1
https://vapsmoke.ch,1,1,1,1,1,1,1,1,-1,0,1,1,-1,0,-1,0,0,1,-1,0,0,0,0,-1,-1,0,0,1,-1,1,1
https://vavada-mosc.top,1,1,1,1,1,-1,1,1,-1,0,1,1,-1,0,-1,0,0,1,-1,0,0,0,0,-1,-1,0,0,1,-1,1,1
https://vectorzone.de,1,1,1,1,1,1,1,1,-1,0,1,1,-1,0,-1,0,0,1,-1,0,0,0,0,-1,-1,0,0,1,-1,1,1
https://verbrecherverlag.de,1,1,1,1,1,1,1,1,-1,0,1,1,-1,0,-1,0,0,1,-1,0,0,0,0,-1,-1,0,0,1,-1,1,1
https://verdihomeonline.com,1,1,1,1,1,1,1,1,-1,0,1,1,-1,0,-1,0,0,1,-1,0,0,0,0,-1,-1,0,0,1,-1,1,1
https://verlichting.nl,1,1,1,1,1,1,1,1,-1,0,1,1,-1,0,-1,0,0,1,-1,0,0,0,0,-1,-1,0,0,1,-1,1,1
https://videotron.ca,1,1,1,1,1,1,1,1,-1,0,1,1,-1,0,-1,0,0,1,-1,0,0,0,0,-1,-1,0,0,1,-1,1,1
https://viada.ro,1,1,1,1,1,1,1,1,-1,0,1,1,-1,0,-1,0,0,1,-1,0,0,0,0,-1,-1,0,0,1,-1,1,1
https://vikingfootwear.com,1,1,1,1,1,1,1,1,-1,0,1,1,-1,0,-1,0,0,1,-1,0,0,0,0,-1,-1,0,0,1,-1,1,1
https://vindhetviahier.nl,1,1,1,1,1,1,1,1,-1,0,1,1,-1,0,-1,0,0,1,-1,0,0,0,0,-1,-1,0,0,1,-1,1,1
https://violetdates.com,1,1,1,1,1,1,1,1,-1,0,1,1,-1,0,-1,0,0,1,-1,0,0,0,0,-1,-1,0,0,1,-1,1,1
https://vip3831.com,1,1,1,1,1,1,1,1,-1,0,1,1,-1,0,-1,0,0,1,-1,0,0,0,0,-1,-1,0,0,1,-1,1,1
https://vipcoredigital.co.uk,1,1,1,1,1,1,0,1,-1,0,1,1,-1,0,-1,0,0,1,-1,0,0,0,0,-1,-1,0,0,1,-1,1,1
https://visitftcollins.com,1,1,1,1,1,1,1,1,-1,0,1,1,-1,0,-1,0,0,1,-1,0,0,0,0,-1,-1,0,0,1,-1,1,1
https://virtimo.cloud,1,1,1,1,1,1,1,1,-1,0,1,1,-1,0,-1,0,0,1,-1,0,0,0,0,-1,-1,0,0,1,-1,1,1
https://vn-heovl.com,1,1,1,1,1,-1,1,1,-1,0,1,1,-1,0,-1,0,0,1,-1,0,0,0,0,-1,-1,0,0,1,-1,1,1
https://vn2c.my,1,1,1,1,1,1,1,1,-1,0,1,1,-1,0,-1,0,0,1,-1,0,0,0,0,-1,-1,0,0,1,-1,1,1
https://voiceblog.jp,1,1,1,1,1,1,1,1,-1,0,1,1,-1,0,-1,0,0,1,-1,0,0,0,0,-1,-1,0,0,1,-1,1,1
https://vondx.net,1,1,1,1,1,1,1,1,-1,0,1,1,-1,0,-1,0,0,1,-1,0,0,0,0,-1,-1,0,0,1,-1,1,1
https://vrplayspace.de,1,1,1,1,1,1,1,1,-1,0,1,1,-1,0,-1,0,0,1,-1,0,0,0,0,-1,-1,0,0,1,-1,1,1
https://vrsumo.com,1,1,1,1,1,1,1,1,-1,0,1,1,-1,0,-1,0,0,1,-1,0,0,0,0,-1,-1,0,0,1,-1,1,1
https://vwvv.shop,1,1,1,1,1,1,1,1,-1,0,1,1,-1,0,-1,0,0,1,-1,0,0,0,0,-1,-1,0,0,1,-1,1,1
https://wagahaha.xyz,1,1,1,1,1,1,1,1,-1,0,1,1,-1,0,-1,0,0,1,-1,0,0,0,0,-1,-1,0,0,1,-1,1,1
https://wap4you.ru,1,1,1,1,1,1,1,1,-1,0,1,1,-1,0,-1,0,0,1,-1,0,0,0,0,-1,-1,0,0,1,-1,1,1
https://watchfreejavonline.co,1,1,1,1,1,1,1,1,-1,0,1,1,-1,0,-1,0,0,1,-1,0,0,0,0,-1,-1,0,0,1,-1,1,1
https://wb2b.com,1,1,1,1,1,1,1,1,-1,0,1,1,-1,0,-1,0,0,1,-1,0,0,0,0,-1,-1,0,0,1,-1,1,1
https://webcd.fr,1,1,1,1,1,1,1,1,-1,0,1,1,-1,0,-1,0,0,1,-1,0,0,0,0,-1,-1,0,0,1,-1,1,1
https://webgia.com,1,1,1,1,1,1,1,1,-1,0,1,1,-1,0,-1,0,0,1,-1,0,0,0,0,-1,-1,0,0,1,-1,1,1
https://webhostbox.net,1,1,1,1,1,1,1,1,-1,0,1,1,-1,0,-1,0,0,1,-1,0,0,0,0,-1,-1,0,0,1,-1,1,1
https://webloadedmovie.com,1,1,1,1,1,1,1,1,-1,0,1,1,-1,0,-1,0,0,1,-1,0,0,0,0,-1,-1,0,0,1,-1,1,1
https://websitebokep.com,1,1,1,1,1,1,1,1,-1,0,1,1,-1,0,-1,0,0,1,-1,0,0,0,0,-1,-1,0,0,1,-1,1,1
https://widhost.net,1,1,1,1,1,1,1,1,-1,0,1,1,-1,0,-1,0,0,1,-1,0,0,0,0,-1,-1,0,0,1,-1,1,1
https://wimg.jp,1,1,1,1,1,1,1,1,-1,0,1,1,-1,0,-1,0,0,1,-1,0,0,0,0,-1,-1,0,0,1,-1,1,1
https://winstmakelaar.nl,1,1,1,1,1,1,1,1,-1,0,1,1,-1,0,-1,0,0,1,-1,0,0,0,0,-1,-1,0,0,1,-1,1,1
https://wk7777.com,1,1,1,1,1,1,1,1,-1,0,1,1,-1,0,-1,0,0,1,-1,0,0,0,0,-1,-1,0,0,1,-1,1,1
https://wiocha.pl,1,1,1,1,1,1,1,1,-1,0,1,1,-1,0,-1,0,0,1,-1,0,0,0,0,-1,-1,0,0,1,-1,1,1
https://wmd-ssd3.com,1,1,1,1,1,-1,1,1,-1,0,1,1,-1,0,-1,0,0,1,-1,0,0,0,0,-1,-1,0,0,1,-1,1,1
https://womensfreedomcenter.net,1,1,1,1,1,1,1,1,-1,0,1,1,-1,0,-1,0,0,1,-1,0,0,0,0,-1,-1,0,0,1,-1,1,1
https://worldvpn.net,1,1,1,1,1,1,1,1,-1,0,1,1,-1,0,-1,0,0,1,-1,0,0,0,0,-1,-1,0,0,1,-1,1,1
https://workbc.ca,1,1,1,1,1,1,1,1,-1,0,1,1,-1,0,-1,0,0,1,-1,0,0,0,0,-1,-1,0,0,1,-1,1,1
https://wrestlingnews.co,1,1,1,1,1,1,1,1,-1,0,1,1,-1,0,-1,0,0,1,-1,0,0,0,0,-1,-1,0,0,1,-1,1,1
https://www.adidas.com/,1,1,1,1,1,1,0,1,-1,0,1,1,-1,0,-1,0,0,1,-1,0,0,0,0,-1,-1,0,0,1,-1,1,1
https://www.adobe.com/,1,1,1,1,1,1,0,1,-1,0,1,1,-1,0,-1,0,0,1,-1,0,0,0,0,-1,-1,0,0,1,-1,1,1
https://www.airbnb.com/,1,1,1,1,1,1,0,1,-1,0,1,1,-1,0,-1,0,0,1,-1,0,0,0,0,-1,-1,0,0,1,-1,1,1
https://www.amazon.com/,1,1,1,1,1,1,0,1,-1,0,1,1,-1,0,-1,0,0,1,-1,0,0,0,0,-1,-1,0,0,1,-1,1,1
https://www.amd.com/,1,1,1,1,1,1,0,1,-1,0,1,1,-1,0,-1,0,0,1,-1,0,0,0,0,-1,-1,0,0,1,-1,1,1
https://www.americanexpress.com/,1,1,1,1,1,1,0,1,-1,0,1,1,-1,0,-1,0,0,1,-1,0,0,0,0,-1,-1,0,0,1,-1,1,1
https://www.apple.com/,1,1,1,1,1,1,0,1,-1,0,1,1,-1,0,-1,0,0,1,-1,0,0,0,0,-1,-1,0,0,1,-1,1,1
https://www.atlassian.com/,1,1,1,1,1,1,0,1,-1,0,1,1,-1,0,-1,0,0,1,-1,0,0,0,0,-1,-1,0,0,1,-1,1,1
https://www.autodesk.com/,1,1,1,1,1,1,0,1,-1,0,1,1,-1,0,-1,0,0,1,-1,0,0,0,0,-1,-1,0,0,1,-1,1,1
https://www.bankofamerica.com/,1,1,1,1,1,1,0,1,-1,0,1,1,-1,0,-1,0,0,1,-1,0,0,0,0,-1,-1,0,0,1,-1,1,1
https://www.bbc.com/,1,1,1,1,1,1,0,1,-1,0,1,1,-1,0,-1,0,0,1,-1,0,0,0,0,-1,-1,0,0,1,-1,1,1
https://www.bestbuy.com/,1,1,1,1,1,1,0,1,-1,0,1,1,-1,0,-1,0,0,1,-1,0,0,0,0,-1,-1,0,0,1,-1,1,1
https://www.bing.com/,1,1,1,1,1,1,0,1,-1,0,1,1,-1,0,-1,0,0,1,-1,0,0,0,0,-1,-1,0,0,1,-1,1,1
https://www.bloomberg.com/,1,1,1,1,1,1,0,1,-1,0,1,1,-1,0,-1,0,0,1,-1,0,0,0,0,-1,-1,0,0,1,-1,1,1
https://www.booking.com/,1,1,1,1,1,1,0,1,-1,0,1,1,-1,0,-1,0,0,1,-1,0,0,0,0,-1,-1,0,0,1,-1,1,1
https://www.canva.com/,1,1,1,1,1,1,0,1,-1,0,1,1,-1,0,-1,0,0,1,-1,0,0,0,0,-1,-1,0,0,1,-1,1,1
https://www.chase.com/,1,1,1,1,1,1,0,1,-1,0,1,1,-1,0,-1,0,0,1,-1,0,0,0,0,-1,-1,0,0,1,-1,1,1
https://www.cisco.com/,1,1,1,1,1,1,0,1,-1,0,1,1,-1,0,-1,0,0,1,-1,0,0,0,0,-1,-1,0,0,1,-1,1,1
https://www.cloudflare.com/,1,1,1,1,1,1,0,1,-1,0,1,1,-1,0,-1,0,0,1,-1,0,0,0,0,-1,-1,0,0,1,-1,1,1
https://www.cnn.com/,1,1,1,1,1,1,0,1,-1,0,1,1,-1,0,-1,0,0,1,-1,0,0,0,0,-1,-1,0,0,1,-1,1,1
https://www.coca-cola.com/,1,1,1,1,1,-1,0,1,-1,0,1,1,-1,0,-1,0,0,1,-1,0,0,0,0,-1,-1,0,0,1,-1,1,1
https://www.costco.com/,1,1,1,1,1,1,0,1,-1,0,1,1,-1,0,-1,0,0,1,-1,0,0,0,0,-1,-1,0,0,1,-1,1,1
https://www.coursera.org/,1,1,1,1,1,1,0,1,-1,0,1,1,-1,0,-1,0,0,1,-1,0,0,0,0,-1,-1,0,0,1,-1,1,1
https://www.dell.com/,1,1,1,1,1,1,0,1,-1,0,1,1,-1,0,-1,0,0,1,-1,0,0,0,0,-1,-1,0,0,1,-1,1,1
https://www.digitalocean.com/,1,1,1,1,1,1,0,1,-1,0,1,1,-1,0,-1,0,0,1,-1,0,0,0,0,-1,-1,0,0,1,-1,1,1
https://www.dhl.com/,1,1,1,1,1,1,0,1,-1,0,1,1,-1,0,-1,0,0,1,-1,0,0,0,0,-1,-1,0,0,1,-1,1,1
https://www.doordash.com/,1,1,1,1,1,1,0,1,-1,0,1,1,-1,0,-1,0,0,1,-1,0,0,0,0,-1,-1,0,0,1,-1,1,1
https://www.dropbox.com/,1,1,1,1,1,1,0,1,-1,0,1,1,-1,0,-1,0,0,1,-1,0,0,0,0,-1,-1,0,0,1,-1,1,1
https://www.ebay.com/,1,1,1,1,1,1,0,1,-1,0,1,1,-1,0,-1,0,0,1,-1,0,0,0,0,-1,-1,0,0,1,-1,1,1
https://www.expedia.com/,1,1,1,1,1,1,0,1,-1,0,1,1,-1,0,-1,0,0,1,-1,0,0,0,0,-1,-1,0,0,1,-1,1,1
https://www.facebook.com/,1,1,1,1,1,1,0,1,-1,0,1,1,-1,0,-1,0,0,1,-1,0,0,0,0,-1,-1,0,0,1,-1,1,1
https://www.fedex.com/,1,1,1,1,1,1,0,1,-1,0,1,1,-1,0,-1,0,0,1,-1,0,0,0,0,-1,-1,0,0,1,-1,1,1
https://www.forbes.com/,1,1,1,1,1,1,0,1,-1,0,1,1,-1,0,-1,0,0,1,-1,0,0,0,0,-1,-1,0,0,1,-1,1,1
https://www.google.com/,1,1,1,1,1,1,0,1,-1,0,1,1,-1,0,-1,0,0,1,-1,0,0,0,0,-1,-1,0,0,1,-1,1,1
https://www.homedepot.com/,1,1,1,1,1,1,0,1,-1,0,1,1,-1,0,-1,0,0,1,-1,0,0,0,0,-1,-1,0,0,1,-1,1,1
https://www.godaddy.com/,1,1,1,1,1,1,0,1,-1,0,1,1,-1,0,-1,0,0,1,-1,0,0,0,0,-1,-1,0,0,1,-1,1,1
https://www.harvard.edu/,1,1,1,1,1,1,0,1,-1,0,1,1,-1,0,-1,0,0,1,-1,0,0,0,0,-1,-1,0,0,1,-1,1,1
https://www.hp.com/,1,1,1,1,1,1,0,1,-1,0,1,1,-1,0,-1,0,0,1,-1,0,0,0,0,-1,-1,0,0,1,-1,1,1
https://www.hsbc.com/,1,1,1,1,1,1,0,1,-1,0,1,1,-1,0,-1,0,0,1,-1,0,0,0,0,-1,-1,0,0,1,-1,1,1
https://www.ibm.com/,1,1,1,1,1,1,0,1,-1,0,1,1,-1,0,-1,0,0,1,-1,0,0,0,0,-1,-1,0,0,1,-1,1,1
https://www.instagram.com/,1,1,1,1,1,1,0,1,-1,0,1,1,-1,0,-1,0,0,1,-1,0,0,0,0,-1,-1,0,0,1,-1,1,1
https://www.intel.com/,1,1,1,1,1,1,0,1,-1,0,1,1,-1,0,-1,0,0,1,-1,0,0,0,0,-1,-1,0,0,1,-1,1,1
https://www.irs.gov/,1,1,1,1,1,1,0,1,-1,0,1,1,-1,0,-1,0,0,1,-1,0,0,0,0,-1,-1,0,0,1,-1,1,1
https://www.khanacademy.org/,1,1,1,1,1,1,0,1,-1,0,1,1,-1,0,-1,0,0,1,-1,0,0,0,0,-1,-1,0,0,1,-1,1,1
https://www.lenovo.com/,1,1,1,1,1,1,0,1,-1,0,1,1,-1,0,-1,0,0,1,-1,0,0,0,0,-1,-1,0,0,1,-1,1,1
https://www.lg.com/,1,1,1,1,1,1,0,1,-1,0,1,1,-1,0,-1,0,0,1,-1,0,0,0,0,-1,-1,0,0,1,-1,1,1
https://www.linkedin.com/,1,1,1,1,1,1,0,1,-1,0,1,1,-1,0,-1,0,0,1,-1,0,0,0,0,-1,-1,0,0,1,-1,1,1
https://www.lyft.com/,1,1,1,1,1,1,0,1,-1,0,1,1,-1,0,-1,0,0,1,-1,0,0,0,0,-1,-1,0,0,1,-1,1,1
https://www.mastercard.com/,1,1,1,1,1,1,0,1,-1,0,1,1,-1,0,-1,0,0,1,-1,0,0,0,0,-1,-1,0,0,1,-1,1,1
https://www.mcdonalds.com/,1,1,1,1,1,1,0,1,-1,0,1,1,-1,0,-1,0,0,1,-1,0,0,0,0,-1,-1,0,0,1,-1,1,1
https://www.microsoft.com/,1,1,1,1,1,1,0,1,-1,0,1,1,-1,0,-1,0,0,1,-1,0,0,0,0,-1,-1,0,0,1,-1,1,1
https://www.microsoft.com/en-us/,1,1,1,1,1,1,0,1,-1,0,1,1,-1,0,-1,0,0,1,-1,0,0,0,0,-1,-1,0,0,1,-1,1,1
https://www.mit.edu/,1,1,1,1,1,1,0,1,-1,0,1,1,-1,0,-1,0,0,1,-1,0,0,0,0,-1,-1,0,0,1,-1,1,1
https://www.mozilla.org/,1,1,1,1,1,1,0,1,-1,0,1,1,-1,0,-1,0,0,1,-1,0,0,0,0,-1,-1,0,0,1,-1,1,1
https://www.netflix.com/,1,1,1,1,1,1,0,1,-1,0,1,1,-1,0,-1,0,0,1,-1,0,0,0,0,-1,-1,0,0,1,-1,1,1
https://www.nasa.gov/,1,1,1,1,1,1,0,1,-1,0,1,1,-1,0,-1,0,0,1,-1,0,0,0,0,-1,-1,0,0,1,-1,1,1
https://www.nike.com/,1,1,1,1,1,1,0,1,-1,0,1,1,-1,0,-1,0,0,1,-1,0,0,0,0,-1,-1,0,0,1,-1,1,1
https://www.notion.so/,1,1,1,1,1,1,0,1,-1,0,1,1,-1,0,-1,0,0,1,-1,0,0,0,0,-1,-1,0,0,1,-1,1,1
https://www.nvidia.com/,1,1,1,1,1,1,0,1,-1,0,1,1,-1,0,-1,0,0,1,-1,0,0,0,0,-1,-1,0,0,1,-1,1,1
https://www.nytimes.com/,1,1,1,1,1,1,0,1,-1,0,1,1,-1,0,-1,0,0,1,-1,0,0,0,0,-1,-1,0,0,1,-1,1,1
https://www.paypal.com/,1,1,1,1,1,1,0,1,-1,0,1,1,-1,0,-1,0,0,1,-1,0,0,0,0,-1,-1,0,0,1,-1,1,1
https://www.office.com/,1,1,1,1,1,1,0,1,-1,0,1,1,-1,0,-1,0,0,1,-1,0,0,0,0,-1,-1,0,0,1,-1,1,1
https://www.oracle.com/,1,1,1,1,1,1,0,1,-1,0,1,1,-1,0,-1,0,0,1,-1,0,0,0,0,-1,-1,0,0,1,-1,1,1
https://www.pepsi.com/,1,1,1,1,1,1,0,1,-1,0,1,1,-1,0,-1,0,0,1,-1,0,0,0,0,-1,-1,0,0,1,-1,1,1
https://www.pinterest.com/,1,1,1,1,1,1,0,1,-1,0,1,1,-1,0,-1,0,0,1,-1,0,0,0,0,-1,-1,0,0,1,-1,1,1
https://www.qualcomm.com/,1,1,1,1,1,1,0,1,-1,0,1,1,-1,0,-1,0,0,1,-1,0,0,0,0,-1,-1,0,0,1,-1,1,1
https://www.salesforce.com/,1,1,1,1,1,1,0,1,-1,0,1,1,-1,0,-1,0,0,1,-1,0,0,0,0,-1,-1,0,0,1,-1,1,1
https://www.reddit.com/,1,1,1,1,1,1,0,1,-1,0,1,1,-1,0,-1,0,0,1,-1,0,0,0,0,-1,-1,0,0,1,-1,1,1
https://www.samsung.com/,1,1,1,1,1,1,0,1,-1,0,1,1,-1,0,-1,0,0,1,-1,0,0,0,0,-1,-1,0,0,1,-1,1,1
https://www.samsung.com/us/,1,1,1,1,1,1,0,1,-1,0,1,1,-1,0,-1,0,0,1,-1,0,0,0,0,-1,-1,0,0,1,-1,1,1
https://www.sap.com/,1,1,1,1,1,1,0,1,-1,0,1,1,-1,0,-1,0,0,1,-1,0,0,0,0,-1,-1,0,0,1,-1,1,1
https://www.shopify.com/,1,1,1,1,1,1,0,1,-1,0,1,1,-1,0,-1,0,0,1,-1,0,0,0,0,-1,-1,0,0,1,-1,1,1
https://www.slack.com/,1,1,1,1,1,1,0,1,-1,0,1,1,-1,0,-1,0,0,1,-1,0,0,0,0,-1,-1,0,0,1,-1,1,1
https://www.sony.com/,1,1,1,1,1,1,0,1,-1,0,1,1,-1,0,-1,0,0,1,-1,0,0,0,0,-1,-1,0,0,1,-1,1,1
https://www.spotify.com/,1,1,1,1,1,1,0,1,-1,0,1,1,-1,0,-1,0,0,1,-1,0,0,0,0,-1,-1,0,0,1,-1,1,1
https://www.stackoverflow.com/,1,1,1,1,1,1,0,1,-1,0,1,1,-1,0,-1,0,0,1,-1,0,0,0,0,-1,-1,0,0,1,-1,1,1
https://www.stanford.edu/,1,1,1,1,1,1,0,1,-1,0,1,1,-1,0,-1,0,0,1,-1,0,0,0,0,-1,-1,0,0,1,-1,1,1
https://www.starbucks.com/,1,1,1,1,1,1,0,1,-1,0,1,1,-1,0,-1,0,0,1,-1,0,0,0,0,-1,-1,0,0,1,-1,1,1
https://www.target.com/,1,1,1,1,1,1,0,1,-1,0,1,1,-1,0,-1,0,0,1,-1,0,0,0,0,-1,-1,0,0,1,-1,1,1
https://www.trello.com/,1,1,1,1,1,1,0,1,-1,0,1,1,-1,0,-1,0,0,1,-1,0,0,0,0,-1,-1,0,0,1,-1,1,1
https://www.tumblr.com/,1,1,1,1,1,1,0,1,-1,0,1,1,-1,0,-1,0,0,1,-1,0,0,0,0,-1,-1,0,0,1,-1,1,1
https://www.twitter.com/,1,1,1,1,1,1,0,1,-1,0,1,1,-1,0,-1,0,0,1,-1,0,0,0,0,-1,-1,0,0,1,-1,1,1
https://www.uber.com/,1,1,1,1,1,1,0,1,-1,0,1,1,-1,0,-1,0,0,1,-1,0,0,0,0,-1,-1,0,0,1,-1,1,1
https://www.udemy.com/,1,1,1,1,1,1,0,1,-1,0,1,1,-1,0,-1,0,0,1,-1,0,0,0,0,-1,-1,0,0,1,-1,1,1
https://www.un.org/,1,1,1,1,1,1,0,1,-1,0,1,1,-1,0,-1,0,0,1,-1,0,0,0,0,-1,-1,0,0,1,-1,1,1
https://www.ups.com/,1,1,1,1,1,1,0,1,-1,0,1,1,-1,0,-1,0,0,1,-1,0,0,0,0,-1,-1,0,0,1,-1,1,1
https://www.usa.gov/,1,1,1,1,1,1,0,1,-1,0,1,1,-1,0,-1,0,0,1,-1,0,0,0,0,-1,-1,0,0,1,-1,1,1
https://www.usps.com/,1,1,1,1,1,1,0,1,-1,0,1,1,-1,0,-1,0,0,1,-1,0,0,0,0,-1,-1,0,0,1,-1,1,1
https://www.twitch.tv/,1,1,1,1,1,1,0,1,-1,0,1,1,-1,0,-1,0,0,1,-1,0,0,0,0,-1,-1,0,0,1,-1,1,1
https://www.who.int/,1,1,1,1,1,1,0,1,-1,0,1,1,-1,0,-1,0,0,1,-1,0,0,0,0,-1,-1,0,0,1,-1,1,1
https://www.visa.com/,1,1,1,1,1,1,0,1,-1,0,1,1,-1,0,-1,0,0,1,-1,0,0,0,0,-1,-1,0,0,1,-1,1,1
https://www.vmware.com/,1,1,1,1,1,1,0,1,-1,0,1,1,-1,0,-1,0,0,1,-1,0,0,0,0,-1,-1,0,0,1,-1,1,1
https://www.walmart.com/,1,1,1,1,1,1,0,1,-1,0,1,1,-1,0,-1,0,0,1,-1,0,0,0,0,-1,-1,0,0,1,-1,1,1
https://www.wellsfargo.com/,1,1,1,1,1,1,0,1,-1,0,1,1,-1,0,-1,0,0,1,-1,0,0,0,0,-1,-1,0,0,1,-1,1,1
https://www.wix.com/,1,1,1,1,1,1,0,1,-1,0,1,1,-1,0,-1,0,0,1,-1,0,0,0,0,-1,-1,0,0,1,-1,1,1
https://www.wordpress.com/,1,1,1,1,1,1,0,1,-1,0,1,1,-1,0,-1,0,0,1,-1,0,0,0,0,-1,-1,0,0,1,-1,1,1
https://www.yahoo.com/,1,1,1,1,1,1,0,1,-1,0,1,1,-1,0,-1,0,0,1,-1,0,0,0,0,-1,-1,0,0,1,-1,1,1
https://www.zoom.us/,1,1,1,1,1,1,0,1,-1,0,1,1,-1,0,-1,0,0,1,-1,0,0,0,0,-1,-1,0,0,1,-1,1,1
https://wxii12.com,1,1,1,1,1,1,1,1,-1,0,1,1,-1,0,-1,0,0,1,-1,0,0,0,0,-1,-1,0,0,1,-1,1,1
https://x.com/,1,1,1,1,1,1,1,1,-1,0,1,1,-1,0,-1,0,0,1,-1,0,0,0,0,-1,-1,0,0,1,-1,1,1
https://www.wikipedia.org/,1,1,1,1,1,1,0,1,-1,0,1,1,-1,0,-1,0,0,1,-1,0,0,0,0,-1,-1,0,0,1,-1,1,1
https://yanmar.com,1,1,1,1,1,1,1,1,-1,0,1,1,-1,0,-1,0,0,1,-1,0,0,0,0,-1,-1,0,0,1,-1,1,1
https://xhmoon5.com,1,1,1,1,1,1,1,1,-1,0,1,1,-1,0,-1,0,0,1,-1,0,0,0,0,-1,-1,0,0,1,-1,1,1
https://xn--3-wxfc3gwbi.com,1,1,1,1,1,-1,1,1,-1,0,1,1,-1,0,-1,0,0,1,-1,0,0,0,0,-1,-1,0,0,1,-1,1,1
https://xsabc.com,1,1,1,1,1,1,1,1,-1,0,1,1,-1,0,-1,0,0,1,-1,0,0,0,0,-1,-1,0,0,1,-1,1,1
https://xn--899-1klt9rubk.store,1,1,1,1,1,-1,1,1,-1,0,1,1,-1,0,-1,0,0,1,-1,0,0,0,0,-1,-1,0,0,1,-1,1,1
https://yamaha.com.cn,1,1,1,1,1,1,0,1,-1,0,1,1,-1,0,-1,0,0,1,-1,0,0,0,0,-1,-1,0,0,1,-1,1,1
https://yallaoffers.club,1,1,1,1,1,1,1,1,-1,0,1,1,-1,0,-1,0,0,1,-1,0,0,0,0,-1,-1,0,0,1,-1,1,1
https://yani.tv,1,1,1,1,1,1,1,1,-1,0,1,1,-1,0,-1,0,0,1,-1,0,0,0,0,-1,-1,0,0,1,-1,1,1
http://36derece.com/Diebold/,1,1,1,1,1,1,1,-1,-1,0,1,1,-1,0,-1,0,0,1,-1,0,0,0,0,-1,-1,0,0,1,-1,1,-1
https://ychbkj168.com,1,1,1,1,1,1,1,1,-1,0,1,1,-1,0,-1,0,0,1,-1,0,0,0,0,-1,-1,0,0,1,-1,1,1
https://yd126.com,1,1,1,1,1,1,1,1,-1,0,1,1,-1,0,-1,0,0,1,-1,0,0,0,0,-1,-1,0,0,1,-1,1,1
https://yeepayvn.com,1,1,1,1,1,1,1,1,-1,0,1,1,-1,0,-1,0,0,1,-1,0,0,0,0,-1,-1,0,0,1,-1,1,1
https://yinshun-edu.org.tw,1,1,1,1,1,-1,0,1,-1,0,1,1,-1,0,-1,0,0,1,-1,0,0,0,0,-1,-1,0,0,1,-1,1,1
https://ykqk.com.tw,1,1,1,1,1,1,0,1,-1,0,1,1,-1,0,-1,0,0,1,-1,0,0,0,0,-1,-1,0,0,1,-1,1,1
https://yarablogerka.shop,1,1,1,1,1,1,1,1,-1,0,1,1,-1,0,-1,0,0,1,-1,0,0,0,0,-1,-1,0,0,1,-1,1,1
https://yollacalls.com,1,1,1,1,1,1,1,1,-1,0,1,1,-1,0,-1,0,0,1,-1,0,0,0,0,-1,-1,0,0,1,-1,1,1
https://yorkcollege.ac.uk,1,1,1,1,1,1,0,1,-1,0,1,1,-1,0,-1,0,0,1,-1,0,0,0,0,-1,-1,0,0,1,-1,1,1
https://yourdigitalresource.com,1,1,1,1,1,1,1,1,-1,0,1,1,-1,0,-1,0,0,1,-1,0,0,0,0,-1,-1,0,0,1,-1,1,1
https://youporns.fr,1,1,1,1,1,1,1,1,-1,0,1,1,-1,0,-1,0,0,1,-1,0,0,0,0,-1,-1,0,0,1,-1,1,1
https://yoyopart.com,1,1,1,1,1,1,1,1,-1,0,1,1,-1,0,-1,0,0,1,-1,0,0,0,0,-1,-1,0,0,1,-1,1,1
https://zealandpharma.com,1,1,1,1,1,1,1,1,-1,0,1,1,-1,0,-1,0,0,1,-1,0,0,0,0,-1,-1,0,0,1,-1,1,1
http://3vg.de/sfvds/denied.html,1,1,1,1,1,1,0,-1,-1,0,1,1,-1,0,-1,0,0,1,-1,0,0,0,0,-1,-1,0,0,1,-1,1,-1
https://zonereviewzone.nl,1,1,1,1,1,1,1,1,-1,0,1,1,-1,0,-1,0,0,1,-1,0,0,0,0,-1,-1,0,0,1,-1,1,1
https://zs999h.com,1,1,1,1,1,1,1,1,-1,0,1,1,-1,0,-1,0,0,1,-1,0,0,0,0,-1,-1,0,0,1,-1,1,1
https://zwjfsgmost.com,1,1,1,1,1,1,1,1,-1,0,1,1,-1,0,-1,0,0,1,-1,0,0,0,0,-1,-1,0,0,1,-1,1,1
https://zyrardow.pl,1,1,1,1,1,1,1,1,-1,0,1,1,-1,0,-1,0,0,1,-1,0,0,0,0,-1,-1,0,0,1,-1,1,1
https://yqmengyou.com,1,1,1,1,1,1,1,1,-1,0,1,1,-1,0,-1,0,0,1,-1,0,0,0,0,-1,-1,0,0,1,-1,1,1
https://zaakpay.com,1,1,1,1,1,1,1,1,-1,0,1,1,-1,0,-1,0,0,1,-1,0,0,0,0,-1,-1,0,0,1,-1,1,1
http://3ex3x3x3x.pages.dev/,1,1,1,1,1,1,0,-1,-1,0,1,1,-1,0,-1,0,0,1,-1,0,0,0,0,-1,-1,0,0,1,-1,1,-1
https://zee33babyss.shop,1,1,1,1,1,1,1,1,-1,0,1,1,-1,0,-1,0,0,1,-1,0,0,0,0,-1,-1,0,0,1,-1,1,1
http://43.156.0.130/v3/signin/identifier?amp%3Bfollowup=https%3A%2F%2Faccounts.google.com%2F&amp%3Bifkv=AQMjQ7TPKu6R4w93VRXMPKeD3zeOl4EoNrOdcsDBPMv7m30JK47iKcBvHB2Y608BaGxX8bX4kwt6sA&amp%3Bpassive=1209600&continue=https%3A%2F%2Faccounts.google.com%2F&flowName=GlifWebSignIn&flowEntry=ServiceLogin&ifkv=Ac50bxv-N7jSetDEYqyvOgmlqG_2qNoMggfZCEjZR3nyY5YDsF0V0kMPAeEGW45WedFVpW5AYERM-Q&dsh=S1040552895%3A1784899392709552,1,-1,1,1,1,1,-1,-1,-1,0,1,1,-1,0,-1,0,0,1,-1,0,0,0,0,-1,-1,0,0,1,-1,1,-1
http://43.156.0.130/v3/signin/identifier?amp%3Bcontinue=https%3A%2F%2Faccounts.google.com%2F&amp%3Bfollowup=https%3A%2F%2Faccounts.google.com&dsh=S37248981%3A1784986758574471&passive=1209600&flowName=GlifWebSignIn&flowEntry=ServiceLogin&ifkv=Ac50bxtYERyKTpM4iDOPxhFWPtzMk-mlY4gYHcv0_MajeO2BIxAIxqV2pl970GfjMsavfJEK2O5mRw,1,-1,1,1,1,1,-1,-1,-1,0,1,1,-1,0,-1,0,0,1,-1,0,0,0,0,-1,-1,0,0,1,-1,1,-1
http://43.156.0.130/v3/signin/identifier?amp%3Bfollowup=https%3A%2F%2Faccounts.google.com%2F&amp%3Bifkv=AQMjQ7TPKu6R4w93VRXMPKeD3zeOl4EoNrOdcsDBPMv7m30JK47iKcBvHB2Y608BaGxX8bX4kwt6sA&amp%3Bpassive=1209600&continue=https%3A%2F%2Faccounts.google.com%2F&flowName=GlifWebSignIn&flowEntry=ServiceLogin&ifkv=Ac50bxuQtmAcYg4yxwj1DusTPDjhGF3VcjKcLEQPU84NUDTm-Vy_AwV0_sRYvGahd6GDt_F32-JP_g&dsh=S18986888%3A1784956819364044,1,-1,1,1,1,1,-1,-1,-1,0,1,1,-1,0,-1,0,0,1,-1,0,0,0,0,-1,-1,0,0,1,-1,1,-1
http://43.156.0.130/v3/signin/identifier?amp%3Bfollowup=https%3A%2F%2Faccounts.google.com%2F&amp%3Bifkv=AWnogHfrcMjMJOA5-x4JjU2A_H62FL5Ipip8qUn0FfsVqhu1vrUBPxBl4JpnqCjPGKNrTfaShVnNJQ&amp%3Bpassive=1209600&continue=https%3A%2F%2Faccounts.google.com%2F&flowName=GlifWebSignIn&flowEntry=ServiceLogin&ifkv=Ac50bxsquoLRZM3WiHkMwQN3H-UWx7q63p58HQsemza-Wfv0BjLZxNoYZt2jt3BDlIZyw9b-K0z9_w&dsh=S-888272833%3A1784897052267218,1,-1,1,1,1,1,-1,-1,-1,0,1,1,-1,0,-1,0,0,1,-1,0,0,0,0,-1,-1,0,0,1,-1,1,-1
http://43.156.0.130/v3/signin/identifier?amp%3Bffgf=1&amp%3Bfollowup=https%3A%2F%2Faccounts.google.com&amp%3Bifkv=Af_xneGpinflONH_c3iB5WwVV1C6BSPwAwpudWnjxe8BcKRMcZLFgAnlzpjtHVk0QMFIUm6AcMYv&amp%3Bpassive=1209600&continue=https%3A%2F%2Faccounts.google.com%2F&flowName=GlifWebSignIn&flowEntry=ServiceLogin&ifkv=Ac50bxvSw4mPyRckwsjM6qNpBeHdWtUAI4sSnogqN2EmPKDL4-89rmZWkFVDu3cht_HjvHYbRDeGNA&dsh=S1597089615%3A1784897578986357,1,-1,1,1,1,1,-1,-1,-1,0,1,1,-1,0,-1,0,0,1,-1,0,0,0,0,-1,-1,0,0,1,-1,1,-1
http://43.156.0.130/v3/signin/identifier?amp%3Bcontinue=https%3A%2F%2Faccounts.google.com%2F&amp%3Bfollowup=https%3A%2F%2Faccounts.google.com&dsh=S-787541167%3A1784933410935784&passive=1209600&flowName=GlifWebSignIn&flowEntry=ServiceLogin&ifkv=Ac50bxv5CUlv_948M8cHLm3S9JU_W8fczWZJnKlaLApM2qyhM0quhWP_Q1PsxQrAsM_8g7RVpBz0,1,-1,1,1,1,1,-1,-1,-1,0,1,1,-1,0,-1,0,0,1,-1,0,0,0,0,-1,-1,0,0,1,-1,1,-1
http://43.156.0.130/v3/signin/identifier?amp%3Bfollowup=https%3A%2F%2Faccounts.google.com%2F&amp%3Bifkv=AQMjQ7TPKu6R4w93VRXMPKeD3zeOl4EoNrOdcsDBPMv7m30JK47iKcBvHB2Y608BaGxX8bX4kwt6sA&amp%3Bpassive=1209600&continue=https%3A%2F%2Faccounts.google.com%2F&flowName=GlifWebSignIn&flowEntry=ServiceLogin&ifkv=Ac50bxszcmUXRK3nS3egjoB3CKnDNWkasF7G6iktwuNVc0srQXc5XJqvcVwHtH9rLfpfC35Zt-NW&dsh=S-333890608%3A1784986743055752,1,-1,1,1,1,1,-1,-1,-1,0,1,1,-1,0,-1,0,0,1,-1,0,0,0,0,-1,-1,0,0,1,-1,1,-1
http://43.156.0.130/v3/signin/identifier?amp%3Bcontinue=https%3A%2F%2Faccounts.google.com%2F&amp%3Bfollowup=https%3A%2F%2Faccounts.google.com&dsh=S-819683015%3A1784922643317302&passive=1209600&flowName=GlifWebSignIn&flowEntry=ServiceLogin&ifkv=Ac50bxt5oTLA6PGVEFXVZjUBVvKpfMFoKSQOqFbJddmez6vYsniRUFXMzNby3aGIHLAKUD_h54mDpQ,1,-1,1,1,1,1,-1,-1,-1,0,1,1,-1,0,-1,0,0,1,-1,0,0,0,0,-1,-1,0,0,1,-1,1,-1
http://43.156.0.130/v3/signin/identifier?amp%3Bffgf=1&amp%3Bfollowup=https%3A%2F%2Faccounts.google.com&amp%3Bifkv=Af_xneGpinflONH_c3iB5WwVV1C6BSPwAwpudWnjxe8BcKRMcZLFgAnlzpjtHVk0QMFIUm6AcMYv&amp%3Bpassive=1209600&continue=https%3A%2F%2Faccounts.google.com%2F&flowName=GlifWebSignIn&flowEntry=ServiceLogin&ifkv=Ac50bxtruVeHqSq-k1KL3G7TTyce5m1CTJuI7DGWJsaGchHbiKgeL8NDi7tXOKpegIb9sZTqkQVbDg&dsh=S706358790%3A1784961286635931,1,-1,1,1,1,1,-1,-1,-1,0,1,1,-1,0,-1,0,0,1,-1,0,0,0,0,-1,-1,0,0,1,-1,1,-1
http://43.156.0.130/v3/signin/identifier?amp%3Bfollowup=https%3A%2F%2Faccounts.google.com%2F&amp%3Bifkv=AQMjQ7TPKu6R4w93VRXMPKeD3zeOl4EoNrOdcsDBPMv7m30JK47iKcBvHB2Y608BaGxX8bX4kwt6sA&amp%3Bpassive=1209600&continue=https%3A%2F%2Faccounts.google.com%2F&flowName=GlifWebSignIn&flowEntry=ServiceLogin&ifkv=Ac50bxs1s2Q6u8K3Plk87NAWJQo1hztbWy9xhA_bDstuw2TNLG7eBropQKgux4wbgVWwRvIUJoMX&dsh=S926414630%3A1784919139189264,1,-1,1,1,1,1,-1,-1,-1,0,1,1,-1,0,-1,0,0,1,-1,0,0,0,0,-1,-1,0,0,1,-1,1,-1
http://43.156.0.130/v3/signin/identifier?amp%3Bfollowup=https%3A%2F%2Faccounts.google.com%2F&amp%3Bifkv=AWnogHfrcMjMJOA5-x4JjU2A_H62FL5Ipip8qUn0FfsVqhu1vrUBPxBl4JpnqCjPGKNrTfaShVnNJQ&amp%3Bpassive=1209600&continue=https%3A%2F%2Faccounts.google.com%2F&flowName=GlifWebSignIn&flowEntry=ServiceLogin&ifkv=Ac50bxvf02XWCGo6K6lzJBDqNZ75YDnOygyGtWO1eW3q5n1_KhEQZ5DyXaGISchA81hIezM0L5vk&dsh=S-1624624179%3A1784986191229643,1,-1,1,1,1,1,-1,-1,-1,0,1,1,-1,0,-1,0,0,1,-1,0,0,0,0,-1,-1,0,0,1,-1,1,-1
http://43.156.0.130/v3/signin/identifier?amp%3Bcontinue=https%3A%2F%2Faccounts.google.com%2F&amp%3Bfollowup=https%3A%2F%2Faccounts.google.com&dsh=S-787541167%3A1784896779627209&passive=1209600&flowName=GlifWebSignIn&flowEntry=ServiceLogin&ifkv=Ac50bxtvaeI7Ea_n-9rG46J7uX_Ju63opaKqI2yZ-CaTsLzBrbgbTPhr42ccc9j5iUkFawqaf3ltXA,1,-1,1,1,1,1,-1,-1,-1,0,1,1,-1,0,-1,0,0,1,-1,0,0,0,0,-1,-1,0,0,1,-1,1,-1
http://43.156.0.130/v3/signin/identifier?amp%3Bffgf=1&amp%3Bfollowup=https%3A%2F%2Faccounts.google.com&amp%3Bifkv=Af_xneGpinflONH_c3iB5WwVV1C6BSPwAwpudWnjxe8BcKRMcZLFgAnlzpjtHVk0QMFIUm6AcMYv&amp%3Bpassive=1209600&continue=https%3A%2F%2Faccounts.google.com%2F&flowName=GlifWebSignIn&flowEntry=ServiceLogin&ifkv=Ac50bxvolXJdPm3QRMty3CCBatP7yinQ8z5CvcjGbCIb-P0ZPyVGrLAtvxF_rNSGd6YwD2vepT8AiA&dsh=S-1072289525%3A1784911133288704,1,-1,1,1,1,1,-1,-1,-1,0,1,1,-1,0,-1,0,0,1,-1,0,0,0,0,-1,-1,0,0,1,-1,1,-1
http://43.156.0.130/v3/signin/identifier?amp%3Bfollowup=https%3A%2F%2Faccounts.google.com%2F&amp%3Bifkv=AWnogHfrcMjMJOA5-x4JjU2A_H62FL5Ipip8qUn0FfsVqhu1vrUBPxBl4JpnqCjPGKNrTfaShVnNJQ&amp%3Bpassive=1209600&continue=https%3A%2F%2Faccounts.google.com%2F&flowName=GlifWebSignIn&flowEntry=ServiceLogin&ifkv=Ac50bxv8JdNLDHgiJLOT5N249vY1UpqKiAJQqA1GlwMnx4Jo8oaU_QK8UHffthpAxQHI2tcVTs_21w&dsh=S588517464%3A1784939444550927,1,-1,1,1,1,1,-1,-1,-1,0,1,1,-1,0,-1,0,0,1,-1,0,0,0,0,-1,-1,0,0,1,-1,1,-1
http://43.156.0.130/v3/signin/identifier?amp%3Bfollowup=https%3A%2F%2Faccounts.google.com%2F&amp%3Bifkv=AWnogHfrcMjMJOA5-x4JjU2A_H62FL5Ipip8qUn0FfsVqhu1vrUBPxBl4JpnqCjPGKNrTfaShVnNJQ&amp%3Bpassive=1209600&continue=https%3A%2F%2Faccounts.google.com%2F&flowName=GlifWebSignIn&flowEntry=ServiceLogin&ifkv=Ac50bxuS72eDkvMrAsPqS5VfcwN3FhcE5-TRuqY9DTFSh1MDCt31UpERJKJa-8aTGghwzG755Dp1dA&dsh=S35786322%3A1784960669748454,1,-1,1,1,1,1,-1,-1,-1,0,1,1,-1,0,-1,0,0,1,-1,0,0,0,0,-1,-1,0,0,1,-1,1,-1
http://43.156.0.130/v3/signin/identifier?amp%3Bfollowup=https%3A%2F%2Faccounts.google.com%2F&amp%3Bifkv=AQMjQ7TPKu6R4w93VRXMPKeD3zeOl4EoNrOdcsDBPMv7m30JK47iKcBvHB2Y608BaGxX8bX4kwt6sA&amp%3Bpassive=1209600&continue=https%3A%2F%2Faccounts.google.com%2F&flowName=GlifWebSignIn&flowEntry=ServiceLogin&ifkv=Ac50bxsLKbaJsyAkEzzcvwNi8MgH6_yKg72CEJtWZGWJUngGBK-l_2EdhrZj3mcp6Imq1j7otVZbmw&dsh=S1511552746%3A1784937013799989,1,-1,1,1,1,1,-1,-1,-1,0,1,1,-1,0,-1,0,0,1,-1,0,0,0,0,-1,-1,0,0,1,-1,1,-1
http://43.156.0.130/v3/signin/identifier?amp%3Bffgf=1&amp%3Bfollowup=https%3A%2F%2Faccounts.google.com&amp%3Bifkv=Af_xneGpinflONH_c3iB5WwVV1C6BSPwAwpudWnjxe8BcKRMcZLFgAnlzpjtHVk0QMFIUm6AcMYv&amp%3Bpassive=1209600&continue=https%3A%2F%2Faccounts.google.com%2F&flowName=GlifWebSignIn&flowEntry=ServiceLogin&ifkv=Ac50bxuevseZ1-Cx3YnRIf_OzGC8m3n4VmO9_vHydjQ2WF_jIxLYuQguQDV-Cn9gCU8APEyHmuId7A&dsh=S-1624624179%3A1784983407605653,1,-1,1,1,1,1,-1,-1,-1,0,1,1,-1,0,-1,0,0,1,-1,0,0,0,0,-1,-1,0,0,1,-1,1,-1
http://43.156.0.130/v3/signin/identifier?amp%3Bffgf=1&amp%3Bfollowup=https%3A%2F%2Faccounts.google.com&amp%3Bifkv=Af_xneGpinflONH_c3iB5WwVV1C6BSPwAwpudWnjxe8BcKRMcZLFgAnlzpjtHVk0QMFIUm6AcMYv&amp%3Bpassive=1209600&continue=https%3A%2F%2Faccounts.google.com%2F&flowName=GlifWebSignIn&flowEntry=ServiceLogin&ifkv=Ac50bxsucWjT_tc-sxCRV7PLvERc5N2vVNL8fVmsO_eleybruEM55HgoXc5cdtvVCy5ORUaMNNR3Qw&dsh=S85313341%3A1784939224639628,1,-1,1,1,1,1,-1,-1,-1,0,1,1,-1,0,-1,0,0,1,-1,0,0,0,0,-1,-1,0,0,1,-1,1,-1
http://43.156.0.130/v3/signin/identifier?amp%3Bfollowup=https%3A%2F%2Faccounts.google.com%2F&amp%3Bifkv=AaSxoQyQEeCdGiNQploah5nAij7vrMqrlVIHby1Q4v_ARx9kttGkmffM4ARVCnkvjXQyGpUqW4kQNA&amp%3Bpassive=1209600&continue=https%3A%2F%2Faccounts.google.com%2F&flowName=GlifWebSignIn&flowEntry=ServiceLogin&ifkv=Ac50bxu_ty9WZuuNwAIPRuz0V-H3_wnvWcub2SoWzvbMpUNj3QJh1VCMXOhgb7w_XfjB3bB1oBllSg&dsh=S974968920%3A1784943466494016,1,-1,1,1,1,1,-1,-1,-1,0,1,1,-1,0,-1,0,0,1,-1,0,0,0,0,-1,-1,0,0,1,-1,1,-1
http://43.156.0.130/v3/signin/identifier?amp%3Bfollowup=https%3A%2F%2Faccounts.google.com%2F&amp%3Bifkv=AWnogHfrcMjMJOA5-x4JjU2A_H62FL5Ipip8qUn0FfsVqhu1vrUBPxBl4JpnqCjPGKNrTfaShVnNJQ&amp%3Bpassive=1209600&continue=https%3A%2F%2Faccounts.google.com%2F&flowName=GlifWebSignIn&flowEntry=ServiceLogin&ifkv=Ac50bxvFJgc_qWkF0xuBLbXsVJSsbSL8Qv87QbaZNNPxVM0qliQqR2QjNk211OAnPKhBk3ErTPGc0w&dsh=S-2130316019%3A1784912174449543,1,-1,1,1,1,1,-1,-1,-1,0,1,1,-1,0,-1,0,0,1,-1,0,0,0,0,-1,-1,0,0,1,-1,1,-1
http://43.156.0.130/v3/signin/identifier?amp%3Bfollowup=https%3A%2F%2Faccounts.google.com%2F&amp%3Bifkv=AaSxoQyQ_ZSuXpSvue0UfKrOXnU6mQAuN0RcLmvWGTqSCzhKlOsPyDT7wQQH6ra2Rhdw1PE87iTB&amp%3Bpassive=1209600&continue=https%3A%2F%2Faccounts.google.com%2F&flowName=GlifWebSignIn&flowEntry=ServiceLogin&ifkv=Ac50bxsVNJn0OIHc5QJKfmkasOKp_XaEZ7ojFppYWhGmuI3Kuo_qkjTmQwtYHUbT_4Y1Pr7MqgrdPA&dsh=S1744926937%3A1784909070409192,1,-1,1,1,1,1,-1,-1,-1,0,1,1,-1,0,-1,0,0,1,-1,0,0,0,0,-1,-1,0,0,1,-1,1,-1
http://43.156.0.130/v3/signin/identifier?amp%3Bfollowup=https%3A%2F%2Faccounts.google.com%2F&amp%3Bifkv=AaSxoQyQ_ZSuXpSvue0UfKrOXnU6mQAuN0RcLmvWGTqSCzhKlOsPyDT7wQQH6ra2Rhdw1PE87iTB&amp%3Bpassive=1209600&continue=https%3A%2F%2Faccounts.google.com%2F&flowName=GlifWebSignIn&flowEntry=ServiceLogin&ifkv=Ac50bxtcg3fyvvf4zseb1GOtuV-rRmJ1pNmklsZmoTx-QrPYjESovW53XaNAOz25vHKr1SBDdf0exQ&dsh=S1242098202%3A1784980657348722,1,-1,1,1,1,1,-1,-1,-1,0,1,1,-1,0,-1,0,0,1,-1,0,0,0,0,-1,-1,0,0,1,-1,1,-1
http://43.156.0.130/v3/signin/identifier?amp%3Bfollowup=https%3A%2F%2Faccounts.google.com%2F&amp%3Bifkv=AaSxoQyQEeCdGiNQploah5nAij7vrMqrlVIHby1Q4v_ARx9kttGkmffM4ARVCnkvjXQyGpUqW4kQNA&amp%3Bpassive=1209600&continue=https%3A%2F%2Faccounts.google.com%2F&flowName=GlifWebSignIn&flowEntry=ServiceLogin&ifkv=Ac50bxvBgfCvo2TUvNj7Qd_FEzsLuLCxE1-BMnkBrLHewSDM8RSZV_EQ5tcyQq2JpI5OxfFn2Uc4ww&dsh=S370429301%3A1784914220428675,1,-1,1,1,1,1,-1,-1,-1,0,1,1,-1,0,-1,0,0,1,-1,0,0,0,0,-1,-1,0,0,1,-1,1,-1
http://49.51.43.12/v3/signin/identifier?amp%3Bfollowup=https%3A%2F%2Faccounts.google.com%2F&amp%3Bifkv=AQMjQ7QyROPzn0qaqnYvX4_aw7qH8RajahyDV4UI8mo2Mw7SaNi-z6QQG4MH4pDlzJ2gDPTt_nm2&amp%3Bpassive=1209600&continue=https%3A%2F%2Faccounts.google.com%2F&flowName=GlifWebSignIn&flowEntry=ServiceLogin&ifkv=Ac50bxtzzmv9-6DKhMD2mtvxCmgo1guTTX4lm_EEubLX3GR2LwXpBXZ7tOTSQrCg3wpBq1pZGjzM&dsh=S-939258925%3A1784912587259325,1,-1,1,1,1,1,-1,-1,-1,0,1,1,-1,0,-1,0,0,1,-1,0,0,0,0,-1,-1,0,0,1,-1,1,-1
http://43.156.0.130/v3/signin/identifier?amp%3Bfollowup=https%3A%2F%2Faccounts.google.com%2F&amp%3Bifkv=AaSxoQyQ_ZSuXpSvue0UfKrOXnU6mQAuN0RcLmvWGTqSCzhKlOsPyDT7wQQH6ra2Rhdw1PE87iTB&amp%3Bpassive=1209600&continue=https%3A%2F%2Faccounts.google.com%2F&flowName=GlifWebSignIn&flowEntry=ServiceLogin&ifkv=Ac50bxuA-eR4C1eJCTTtlIWKH8AWJoP1uYOiapkjjan46QotgS7n9oiZyXFWrQoVZIjxJJeEW4jq5w&dsh=S472505156%3A1784934263356881,1,-1,1,1,1,1,-1,-1,-1,0,1,1,-1,0,-1,0,0,1,-1,0,0,0,0,-1,-1,0,0,1,-1,1,-1
http://43.156.0.130/v3/signin/identifier?amp%3Bfollowup=https%3A%2F%2Faccounts.google.com&amp%3Bifkv=ASKXGp0_nbFzdHoBsG_d6znGlWE063OUXUJ-liVgQNfJJB3wA_mip4wV6In-9Cchxtm7MSHwtubxoQ&amp%3Bpassive=1209600&continue=https%3A%2F%2Faccounts.google.com%2F&flowName=GlifWebSignIn&flowEntry=ServiceLogin&ifkv=Ac50bxsCDAuIonNzX5fBFfjaxNYpszTibnAp8Ibd_1-vWMaCNASSE7TZh9Vt3_7u18IgOU8-ty1c&dsh=S-1876733689%3A1784923761086116,1,-1,1,1,1,1,-1,-1,-1,0,1,1,-1,0,-1,0,0,1,-1,0,0,0,0,-1,-1,0,0,1,-1,1,-1
http://43.156.0.130/v3/signin/identifier?amp%3Bfollowup=https%3A%2F%2Faccounts.google.com%2F&amp%3Bifkv=AaSxoQyQEeCdGiNQploah5nAij7vrMqrlVIHby1Q4v_ARx9kttGkmffM4ARVCnkvjXQyGpUqW4kQNA&amp%3Bpassive=1209600&continue=https%3A%2F%2Faccounts.google.com%2F&flowName=GlifWebSignIn&flowEntry=ServiceLogin&ifkv=Ac50bxum44Pd65V2jmH7THpXepaYaVNJbM3FeyLr-pf9Ww2a3KWfQX7kUldv8LwOPu1sFosdBT3hbQ&dsh=S1527017337%3A1784983197849504,1,-1,1,1,1,1,-1,-1,-1,0,1,1,-1,0,-1,0,0,1,-1,0,0,0,0,-1,-1,0,0,1,-1,1,-1
http://43.156.0.130/v3/signin/identifier?amp%3Bfollowup=https%3A%2F%2Faccounts.google.com%2F&amp%3Bifkv=AaSxoQyQEeCdGiNQploah5nAij7vrMqrlVIHby1Q4v_ARx9kttGkmffM4ARVCnkvjXQyGpUqW4kQNA&amp%3Bpassive=1209600&continue=https%3A%2F%2Faccounts.google.com%2F&flowName=GlifWebSignIn&flowEntry=ServiceLogin&ifkv=Ac50bxvmJ43diqgUoS_v5naNIQEG-rfXHDFsn4AJBzgkxQJ7QMnjiMhTe6G9_6s588l8ILSlSpYNiw&dsh=S1611445312%3A1784957949338165,1,-1,1,1,1,1,-1,-1,-1,0,1,1,-1,0,-1,0,0,1,-1,0,0,0,0,-1,-1,0,0,1,-1,1,-1
http://43.156.0.130/v3/signin/identifier?amp%3Bfollowup=https%3A%2F%2Faccounts.google.com&amp%3Bifkv=ASKXGp0_nbFzdHoBsG_d6znGlWE063OUXUJ-liVgQNfJJB3wA_mip4wV6In-9Cchxtm7MSHwtubxoQ&amp%3Bpassive=1209600&continue=https%3A%2F%2Faccounts.google.com%2F&flowName=GlifWebSignIn&flowEntry=ServiceLogin&ifkv=Ac50bxv7QGQYSz4pMiKHMH1fW4JocRTnWrOPt6ovaXLAqKbbrXXRa3QoEQ7Xi9W2h2hrlCS0aGg-Vw&dsh=S1744926937%3A1784979118910641,1,-1,1,1,1,1,-1,-1,-1,0,1,1,-1,0,-1,0,0,1,-1,0,0,0,0,-1,-1,0,0,1,-1,1,-1
http://43.156.0.130/v3/signin/identifier?amp%3Bfollowup=https%3A%2F%2Faccounts.google.com&amp%3Bifkv=ASKXGp0_nbFzdHoBsG_d6znGlWE063OUXUJ-liVgQNfJJB3wA_mip4wV6In-9Cchxtm7MSHwtubxoQ&amp%3Bpassive=1209600&continue=https%3A%2F%2Faccounts.google.com%2F&flowName=GlifWebSignIn&flowEntry=ServiceLogin&ifkv=Ac50bxuZjdZNtH7_McbyKA6efE0G_miFTVE0IJEb-8DUA_73nedJo63CsXwDTo08YFDkQW4spEZtCw&dsh=S1511552746%3A1784944333397501,1,-1,1,1,1,1,-1,-1,-1,0,1,1,-1,0,-1,0,0,1,-1,0,0,0,0,-1,-1,0,0,1,-1,1,-1
http://43.156.0.130/v3/signin/identifier?amp%3Bfollowup=https%3A%2F%2Faccounts.google.com&amp%3Bifkv=ASKXGp0_nbFzdHoBsG_d6znGlWE063OUXUJ-liVgQNfJJB3wA_mip4wV6In-9Cchxtm7MSHwtubxoQ&amp%3Bpassive=1209600&continue=https%3A%2F%2Faccounts.google.com%2F&flowName=GlifWebSignIn&flowEntry=ServiceLogin&ifkv=Ac50bxt76AJvuCYrOt-n_CqHOx8rq1OICF_pUedwVDfapWY7wOCVm39EJsyLol2qNWjvbzMFym83eQ&dsh=S-1438888435%3A1784893790673302,1,-1,1,1,1,1,-1,-1,-1,0,1,1,-1,0,-1,0,0,1,-1,0,0,0,0,-1,-1,0,0,1,-1,1,-1
http://43.156.0.130/v3/signin/identifier?amp%3Bfollowup=https%3A%2F%2Faccounts.google.com&amp%3Bifkv=ASKXGp0_nbFzdHoBsG_d6znGlWE063OUXUJ-liVgQNfJJB3wA_mip4wV6In-9Cchxtm7MSHwtubxoQ&amp%3Bpassive=1209600&continue=https%3A%2F%2Faccounts.google.com%2F&flowName=GlifWebSignIn&flowEntry=ServiceLogin&ifkv=Ac50bxurQmsnvO_IYBHzBM0vJwcTShRJhPs5t2zknMplmaeaQb8gr6uD83ZDuTc5I4WEMGotS2AwDQ&dsh=S269249043%3A1784959630711058,1,-1,1,1,1,1,-1,-1,-1,0,1,1,-1,0,-1,0,0,1,-1,0,0,0,0,-1,-1,0,0,1,-1,1,-1
http://43.156.0.130/v3/signin/identifier?amp%3Bfollowup=https%3A%2F%2Faccounts.google.com&amp%3Bifkv=ASKXGp0_nbFzdHoBsG_d6znGlWE063OUXUJ-liVgQNfJJB3wA_mip4wV6In-9Cchxtm7MSHwtubxoQ&amp%3Bpassive=1209600&continue=https%3A%2F%2Faccounts.google.com%2F&flowName=GlifWebSignIn&flowEntry=ServiceLogin&ifkv=Ac50bxsJS6i0M6D7jRyVFmd98Q8LH-wtCYHtkggbTGtoJ_-DP9S44TiVi9R0fLVt8JrXh98A4uzJ&dsh=S-1825383190%3A1784935522252463,1,-1,1,1,1,1,-1,-1,-1,0,1,1,-1,0,-1,0,0,1,-1,0,0,0,0,-1,-1,0,0,1,-1,1,-1
http://43.156.0.130/v3/signin/identifier?amp%3Bfollowup=https%3A%2F%2Faccounts.google.com%2F&amp%3Bifkv=AaSxoQyQ_ZSuXpSvue0UfKrOXnU6mQAuN0RcLmvWGTqSCzhKlOsPyDT7wQQH6ra2Rhdw1PE87iTB&amp%3Bpassive=1209600&continue=https%3A%2F%2Faccounts.google.com%2F&flowName=GlifWebSignIn&flowEntry=ServiceLogin&ifkv=Ac50bxvmc786K5x1KXCA6ld3gpX2065-VPive1ZD2RdcAuffaJBcLUvN3VI79GAzmP4-LR8qmDGavQ&dsh=S3501300%3A1784952783667301,1,-1,1,1,1,1,-1,-1,-1,0,1,1,-1,0,-1,0,0,1,-1,0,0,0,0,-1,-1,0,0,1,-1,1,-1
http://43.156.0.130/v3/signin/identifier?amp%3Bfollowup=https%3A%2F%2Faccounts.google.com&amp%3Bifkv=ASKXGp0_nbFzdHoBsG_d6znGlWE063OUXUJ-liVgQNfJJB3wA_mip4wV6In-9Cchxtm7MSHwtubxoQ&amp%3Bpassive=1209600&continue=https%3A%2F%2Faccounts.google.com%2F&flowName=GlifWebSignIn&flowEntry=ServiceLogin&ifkv=Ac50bxtUdXFL99FJkplOctmfGJp5qa9mC26voArOY2m6rsmWtx2-nwlR54-JJpcDMOoASarB5rxScQ&dsh=S-1338364992%3A1784898784893919,1,-1,1,1,1,1,-1,-1,-1,0,1,1,-1,0,-1,0,0,1,-1,0,0,0,0,-1,-1,0,0,1,-1,1,-1
http://49.51.43.12/v3/signin/identifier?amp%3Bfollowup=https%3A%2F%2Faccounts.google.com%2F&amp%3Bifkv=AQMjQ7QyROPzn0qaqnYvX4_aw7qH8RajahyDV4UI8mo2Mw7SaNi-z6QQG4MH4pDlzJ2gDPTt_nm2&amp%3Bpassive=1209600&continue=https%3A%2F%2Faccounts.google.com%2F&flowName=GlifWebSignIn&flowEntry=ServiceLogin&ifkv=Ac50bxsgD3j3lS-gqxEqE0yEP5GHs69AESL6OsxvDlZ50AHZuenIB4xe1QL_mlnmXhwyRRizE_FvZA&dsh=S-197704270%3A1784978878868293,1,-1,1,1,1,1,-1,-1,-1,0,1,1,-1,0,-1,0,0,1,-1,0,0,0,0,-1,-1,0,0,1,-1,1,-1
http://49.51.43.12/v3/signin/identifier?amp%3Bfollowup=https%3A%2F%2Faccounts.google.com%2F&amp%3Bifkv=AQMjQ7QyROPzn0qaqnYvX4_aw7qH8RajahyDV4UI8mo2Mw7SaNi-z6QQG4MH4pDlzJ2gDPTt_nm2&amp%3Bpassive=1209600&continue=https%3A%2F%2Faccounts.google.com%2F&flowName=GlifWebSignIn&flowEntry=ServiceLogin&ifkv=Ac50bxvXFZZsLtETg0ZJBFnfDS8Ol-VcOmrw0CG42cD1kSKm9Orxu3pXl4zTtq2g_uM-kEdyb7kZ5Q&dsh=S1310279295%3A1784952129864455,1,-1,1,1,1,1,-1,-1,-1,0,1,1,-1,0,-1,0,0,1,-1,0,0,0,0,-1,-1,0,0,1,-1,1,-1
http://43.156.0.130/v3/signin/identifier?amp%3Bfollowup=https%3A%2F%2Faccounts.google.com&amp%3Bifkv=ASKXGp0_nbFzdHoBsG_d6znGlWE063OUXUJ-liVgQNfJJB3wA_mip4wV6In-9Cchxtm7MSHwtubxoQ&amp%3Bpassive=1209600&continue=https%3A%2F%2Faccounts.google.com%2F&flowName=GlifWebSignIn&flowEntry=ServiceLogin&ifkv=Ac50bxuDwNoEst3QwXb-cbLSVPdOBVHXefsgBF6GhVNSioU-frjnjTPTMkuDIMBE8hI63B-6Q1SY&dsh=S909229440%3A1784984266217797,1,-1,1,1,1,1,-1,-1,-1,0,1,1,-1,0,-1,0,0,1,-1,0,0,0,0,-1,-1,0,0,1,-1,1,-1
http://43.156.0.130/v3/signin/identifier?amp%3Bfollowup=https%3A%2F%2Faccounts.google.com&amp%3Bifkv=ASKXGp0_nbFzdHoBsG_d6znGlWE063OUXUJ-liVgQNfJJB3wA_mip4wV6In-9Cchxtm7MSHwtubxoQ&amp%3Bpassive=1209600&continue=https%3A%2F%2Faccounts.google.com%2F&flowName=GlifWebSignIn&flowEntry=ServiceLogin&ifkv=Ac50bxtI_CnDbX_vBHwk-IpGsGB1u0Ay1Ch9NZnq4Uf1E80cPqXJtVunZcTCx5QC-NJh5RxbVAV7&dsh=S-1624995759%3A1784910443250965,1,-1,1,1,1,1,-1,-1,-1,0,1,1,-1,0,-1,0,0,1,-1,0,0,0,0,-1,-1,0,0,1,-1,1,-1
http://93200c7efb.nxcli.io/wp-includes/theme-compat/ARUBA/,1,0,1,1,1,1,0,-1,-1,0,1,1,0,0,0,1,1,1,1,1,1,1,1,-1,-1,0,0,1,1,1,-1
http://aftabparsian.co/otaoni/download.html,1,1,1,1,1,1,0,-1,1,0,1,1,0,0,0,1,1,1,1,1,1,1,1,1,1,0,0,1,1,1,-1
http://adpagro.com/kkdpc/,1,1,1,1,1,1,1,-1,1,0,1,1,-1,0,-1,0,0,1,-1,0,0,0,0,1,1,0,0,1,-1,1,-1
http://aktf-dnaid.adrnt.my.id/,1,1,1,1,1,-1,-1,-1,-1,1,1,1,0,-1,0,1,1,1,1,1,1,1,1,-1,-1,0,0,1,-1,1,-1
http://43.156.0.130/v3/signin/identifier?amp%3Bfollowup=https%3A%2F%2Faccounts.google.com&amp%3Bifkv=ASKXGp0_nbFzdHoBsG_d6znGlWE063OUXUJ-liVgQNfJJB3wA_mip4wV6In-9Cchxtm7MSHwtubxoQ&amp%3Bpassive=1209600&continue=https%3A%2F%2Faccounts.google.com%2F&flowName=GlifWebSignIn&flowEntry=ServiceLogin&ifkv=Ac50bxtludx_J9AX-b4YwAGyoeU1Bdfg6ZQNjL8A78r19ygerfBBZ_2g8U-E8kiupyjGb8GgZLU_PA&dsh=S-318030507%3A1784955584503571,1,-1,1,1,1,1,-1,-1,-1,0,1,1,-1,0,-1,0,0,1,-1,0,0,0,0,-1,-1,0,0,1,-1,1,-1
http://adivaskitchen.com/advancedoc/,1,1,1,1,1,1,1,-1,1,0,1,1,0,0,0,1,1,1,1,1,1,1,1,1,1,0,0,1,1,1,-1
http://93200c7efb.nxcli.io/wp-includes/theme-compat/ARUBA/areautenti,1,0,1,1,1,1,0,-1,1,0,1,1,0,0,0,1,1,1,1,1,1,1,1,1,1,0,0,1,1,1,-1
http://93200c7efb.nxcli.io/wp-includes/theme-compat/ARUBA/areautenti/,1,0,1,1,1,1,0,-1,1,0,1,1,0,0,0,1,1,1,1,1,1,1,1,1,1,0,0,1,1,1,-1
http://49.51.43.12/v3/signin/identifier?amp%3Bfollowup=https%3A%2F%2Faccounts.google.com%2F&amp%3Bifkv=ASKXGp36_CB8HzfrpuLLHTVjXxiUGDwO6Tj8yz4QrsaGyc3I4H4G7NxTTQJtpw0j07g9O5T5Tx4uyQ&amp%3Bpassive=1209600&continue=https%3A%2F%2Faccounts.google.com%2F&flowName=GlifWebSignIn&flowEntry=ServiceLogin&ifkv=Ac50bxuUFyr65CMTsymFVA7ymM2s7tdQGXITNBDM6c2dhdR4okGgvVdUDaVM5XV3ZLZaXIalrxHHMw&dsh=S-718012200%3A1784958945800183,1,-1,1,1,1,1,-1,-1,-1,-1,1,1,0,-1,1,1,1,1,1,1,1,1,1,-1,-1,0,0,1,0,1,-1
http://49.51.43.12/v3/signin/identifier?amp%3Bfollowup=https%3A%2F%2Faccounts.google.com&amp%3Bifkv=AWnogHe_pDujLaO-hl3d_3DQFjS6PW6JGM3LRrD13mxmiaQWTJuHz9b6nwmaSIh76M5SMOelnJex7g&amp%3Bpassive=1209600&continue=https%3A%2F%2Faccounts.google.com%2F&flowName=GlifWebSignIn&flowEntry=ServiceLogin&ifkv=Ac50bxsGMQaKkOz-AIpl-s6d73alRLcJTJT2mzLmhi3ACPhU2LRwVczn9lIv1kcXv1EsK8V3GKOCMw&dsh=S-2111261013%3A1784983257704777,1,-1,1,1,1,1,-1,-1,-1,-1,1,1,0,-1,1,1,1,1,1,1,1,1,1,-1,-1,0,0,1,0,1,-1
http://49.51.43.12/v3/signin/identifier?amp%3Bfollowup=https%3A%2F%2Faccounts.google.com&amp%3Bifkv=AWnogHe_pDujLaO-hl3d_3DQFjS6PW6JGM3LRrD13mxmiaQWTJuHz9b6nwmaSIh76M5SMOelnJex7g&amp%3Bpassive=1209600&continue=https%3A%2F%2Faccounts.google.com%2F&flowName=GlifWebSignIn&flowEntry=ServiceLogin&ifkv=Ac50bxuPZh1mEUnmYMkp7o9SDFHuC11w5F3iZJLqMX6yGls6gRsMDJqJJKuN8bLm6Gs97Wz8MqtAVw&dsh=S423128635%3A1784894201980834,1,-1,1,1,1,1,-1,-1,-1,-1,1,1,0,-1,1,1,1,1,1,1,1,1,1,-1,-1,0,0,1,0,1,-1
http://49.51.43.12/v3/signin/identifier?amp%3Bfollowup=https%3A%2F%2Faccounts.google.com%2F&amp%3Bifkv=ASKXGp36_CB8HzfrpuLLHTVjXxiUGDwO6Tj8yz4QrsaGyc3I4H4G7NxTTQJtpw0j07g9O5T5Tx4uyQ&amp%3Bpassive=1209600&continue=https%3A%2F%2Faccounts.google.com%2F&flowName=GlifWebSignIn&flowEntry=ServiceLogin&ifkv=Ac50bxuIilJMnNNAt07rHPzLjBcB-T37beifALiTIXkWAgrtWZFgX1QRlyZngKBAMvn53ytiF1ot&dsh=S-1522826212%3A1784982680154884,1,-1,1,1,1,1,-1,-1,-1,-1,1,1,0,-1,1,1,1,1,1,1,1,1,1,-1,-1,0,0,1,0,1,-1
http://49.51.43.12/v3/signin/identifier?amp%3Bfollowup=https%3A%2F%2Faccounts.google.com%2F&amp%3Bifkv=ASKXGp36_CB8HzfrpuLLHTVjXxiUGDwO6Tj8yz4QrsaGyc3I4H4G7NxTTQJtpw0j07g9O5T5Tx4uyQ&amp%3Bpassive=1209600&continue=https%3A%2F%2Faccounts.google.com%2F&flowName=GlifWebSignIn&flowEntry=ServiceLogin&ifkv=Ac50bxvZDZwN3r_fCe3O5SahRjYJsoGPoxDoMUzEDacY-u-JUdCCS2_mSwoh9RThPnW2DEoa4IU8Zw&dsh=S321354825%3A1784931214383804,1,-1,1,1,1,1,-1,-1,-1,-1,1,1,0,-1,1,1,1,1,1,1,1,1,1,-1,-1,0,0,1,0,1,-1
http://atlascapitalsolutions.sg/Crewsinsure/,1,1,1,1,1,1,1,-1,1,1,1,1,0,-1,0,1,1,1,1,1,1,1,1,1,1,0,0,1,0,1,-1
http://agbaxter.com/Ontario/,1,1,1,1,1,1,1,-1,1,1,1,1,-1,0,0,1,1,1,1,1,1,1,1,1,1,0,0,1,-1,1,-1
http://aidlifempowerment.com/r/irstranscripviewer/,1,1,1,1,1,1,1,-1,1,0,1,1,0,0,0,1,1,1,1,1,1,1,1,1,1,0,0,1,1,1,-1
http://aumentocupo-transaccional.vercel.app/,1,1,1,1,1,-1,0,-1,-1,-1,1,1,1,0,1,1,1,1,1,1,1,1,1,-1,-1,0,0,1,1,1,-1
http://allstarpavingconstruction.com/adobe/,1,1,1,1,1,1,1,-1,1,-1,1,1,0,-1,1,0,1,1,1,1,1,1,1,1,1,0,0,1,0,1,-1
http://barclays-bank.vercel.app/,1,1,1,1,1,-1,0,-1,-1,-1,1,1,1,-1,1,1,1,1,1,1,1,1,1,-1,-1,0,0,1,0,1,-1
http://anunciobd.com/clarkconstructioncompany/download.html,1,0,1,1,1,1,0,-1,1,0,1,1,-1,0,-1,0,0,1,-1,0,0,0,0,1,1,0,0,1,-1,1,-1
"http://anavip.com.br/Kitchen_and_Bath_Beyond,_Inc/",1,1,1,1,1,1,0,-1,1,0,1,1,0,0,0,1,1,1,1,1,1,1,1,1,1,0,0,1,1,1,-1
http://arysportswear.com/wp-content/4Sphere_Solutions_LLC/denied.html,1,0,1,1,1,1,0,-1,1,0,1,1,0,0,0,1,1,1,1,1,1,1,1,1,1,0,0,1,1,1,-1
http://allianceglobal.com.tr/ocomfort/denied.html,1,1,1,1,1,1,-1,-1,1,1,1,1,0,1,-1,1,1,1,1,1,1,1,-1,1,1,0,0,1,-1,1,-1
http://amlar2026.com/nextlevel-auto/download.html,1,1,1,1,1,1,0,-1,1,0,1,1,0,0,0,1,1,1,1,1,1,1,1,1,1,0,0,1,1,1,-1
http://americanmovingco.org/denied.html,1,1,1,1,1,1,0,-1,1,0,1,1,0,0,0,1,1,1,1,1,1,1,1,-1,-1,0,0,1,1,1,-1
http://azirksa.com/PNW_Home_LLC/download.html,1,1,1,1,1,1,0,-1,1,0,1,1,0,0,0,1,1,1,1,1,1,1,1,1,1,0,0,1,1,1,-1
http://balconyresidences.com.br/A64ybzU6h2ndxvVzRdE0wrhclick/denied.html,1,0,1,1,1,1,-1,-1,1,0,1,1,0,0,0,1,1,1,1,1,1,1,1,1,1,0,0,1,1,1,-1
http://awasqahandbags.com/alfredoins/,1,1,1,1,1,1,1,-1,1,-1,1,1,0,-1,1,0,1,1,1,1,1,1,1,1,1,0,0,1,0,1,-1
http://apexecotech.com/birklawfirm/,1,1,1,1,1,1,1,-1,1,1,1,1,-1,-1,0,0,-1,1,1,1,1,1,-1,1,1,0,0,1,-1,1,-1
http://alhakikapress.com/michelle/,1,1,1,1,1,1,1,-1,1,0,1,1,0,0,0,1,1,1,1,1,1,1,1,1,1,0,0,1,1,1,-1
http://azuriu.com/cgi-sys/suspendedpage.cgi,1,1,1,1,1,1,0,-1,1,-1,1,1,0,-1,1,1,1,1,1,1,1,1,1,1,1,0,0,1,0,1,-1
http://blueconcept.ae/Adobesharefile/download.html,1,1,1,1,1,1,0,-1,-1,0,1,1,0,0,0,1,1,1,1,1,1,1,1,-1,-1,0,0,1,1,1,-1
http://bervano.vu/pdf/Windows/checking.php,1,1,1,1,1,1,0,-1,1,-1,1,1,0,-1,1,0,1,1,1,1,1,1,1,-1,-1,0,0,1,0,1,-1
http://camaradecomercioush.com.ar/gghnvd/download.html,1,0,1,1,1,1,-1,-1,1,0,1,1,0,0,0,1,1,1,1,1,1,1,1,1,1,0,0,1,1,1,-1
http://aktf-dnaid.ibxx.my.id/,1,1,1,1,1,-1,-1,-1,-1,0,1,1,-1,0,-1,0,0,1,-1,0,0,0,0,-1,-1,0,0,1,-1,1,-1
http://beachandcountrytowing.com/adobe-acrobat-dev/,1,1,1,1,1,1,1,-1,1,0,1,1,0,0,0,1,1,1,1,1,1,1,1,1,1,0,0,1,1,1,-1
http://basitgiris.one/,1,1,1,1,1,1,1,-1,1,1,1,1,1,-1,1,1,1,1,1,1,1,1,1,-1,-1,0,0,1,-1,1,-1
http://buletsatrading.co.za/apexfab/,1,1,1,1,1,1,0,-1,1,0,1,1,0,0,0,1,1,1,1,1,1,1,1,1,1,0,0,1,1,1,-1
http://bhavitrabd.com/Blessin/,1,1,1,1,1,1,1,-1,1,-1,1,1,0,-1,1,0,1,1,1,1,1,1,1,1,1,0,0,1,0,1,-1
http://al-farakhind.com/proactiontransport/,1,1,1,1,1,-1,1,-1,1,0,1,1,-1,0,-1,0,0,1,-1,0,0,0,0,1,1,0,0,1,-1,1,-1
http://blissidols.com/oiu/download.html,1,1,1,1,1,1,0,-1,1,0,1,1,0,0,0,1,1,1,1,1,1,1,1,1,1,0,0,1,1,1,-1
http://cost.ru.com/PlainsArtMuseum/,1,1,1,1,1,1,0,-1,-1,0,1,1,0,0,1,1,1,1,1,1,1,1,1,-1,-1,0,0,1,0,1,-1
http://dekoform.ru/en/webmail-login/index.html,1,1,1,1,1,1,0,-1,1,0,1,1,0,0,0,1,1,1,1,1,1,1,1,1,1,0,0,1,1,1,-1
http://crac.live/magnolia-dental/download.html,1,1,1,1,1,1,0,-1,-1,0,1,1,0,0,0,1,1,1,1,1,1,1,1,-1,-1,0,0,1,1,1,-1
http://colegiojohndewey.org/wp-admin/Parkreation_Inc/download.html,1,0,1,1,1,1,0,-1,1,0,1,1,0,0,0,1,1,1,1,1,1,1,1,1,1,0,0,1,1,1,-1
http://en-desktop-ledgeer.pages.dev/,1,1,1,1,1,-1,0,-1,-1,-1,1,1,0,-1,1,0,1,1,1,1,1,1,1,-1,-1,0,0,1,0,1,-1
http://cybernode.ru.com/soa.doc/sharep-redirect.html,1,1,1,1,1,1,-1,-1,-1,0,1,1,0,0,1,1,1,1,1,1,1,1,1,-1,-1,0,0,1,1,1,-1
http://cencam.com/wp-admin/Travel_Designers_Inc/download.html,1,0,1,1,1,1,0,-1,1,0,1,1,0,0,0,1,1,1,1,1,1,1,1,1,1,0,0,1,1,1,-1
http://carolinahomesandcondos.com/lesido/download.html,1,0,1,1,1,1,0,-1,1,0,1,1,-1,0,0,1,1,1,1,1,1,1,1,1,1,0,0,1,1,1,-1
http://cranbourneberwicktaxi.com.au/AdobeAcrobat/,1,1,1,1,1,1,0,-1,-1,0,1,1,0,0,0,1,1,1,1,1,1,1,1,-1,-1,0,0,1,1,1,-1
http://ctfbff.com.br/Rogers_insurance/portal/,1,1,1,1,1,1,0,-1,1,0,1,1,0,0,0,1,1,1,1,1,1,1,1,1,1,0,0,1,1,1,-1
http://ceram-part.com/vets/,1,1,1,1,1,-1,1,-1,1,0,1,1,0,0,0,1,1,1,1,1,1,1,1,1,1,0,0,1,1,1,-1
http://docusignmsteamsmeeting.com/adobepdf/Windows/checking.php,1,0,1,1,1,1,0,-1,1,-1,1,1,0,-1,1,0,1,1,1,1,1,1,1,-1,-1,0,0,1,0,1,-1
http://deviwe.ct.ws/,1,1,1,1,1,1,0,-1,-1,0,1,1,-1,0,-1,0,0,1,-1,0,0,0,0,-1,-1,0,0,1,-1,1,-1
http://dardsaaz.com/cgi-sys/suspendedpage.cgi,1,1,1,1,1,1,0,-1,1,-1,1,1,0,-1,1,1,-1,1,1,1,1,1,1,1,1,0,0,1,0,1,-1
http://dezined.ct.ws/,1,1,1,1,1,1,0,-1,-1,0,1,1,-1,0,-1,0,0,1,-1,0,0,0,0,-1,-1,0,0,1,-1,1,-1
http://drevos.ro/cgi-sys/suspendedpage.cgi,1,1,1,1,1,1,0,-1,-1,-1,1,1,0,-1,1,1,-1,1,1,1,1,1,1,-1,-1,0,0,1,0,1,-1
http://eventchecker-m8.netlify.app/,1,1,1,1,1,-1,0,-1,-1,0,1,1,0,0,0,1,1,1,1,1,1,1,1,-1,-1,0,0,1,1,1,-1
http://draanaclaudianeurologista.com/rob/,1,1,1,1,1,1,1,-1,1,0,1,1,0,0,0,1,1,1,1,1,1,1,1,1,1,0,0,1,1,1,-1
http://erudite.consulting/daycoconcrete/download.html,1,1,1,1,1,1,0,-1,-1,0,1,1,0,0,0,1,1,1,1,1,1,1,1,-1,-1,0,0,1,1,1,-1
http://facebooksecure.blogspot.com/,1,1,1,1,1,1,0,-1,-1,1,1,1,0,0,0,1,1,1,1,1,1,1,1,-1,-1,0,0,1,0,1,-1
http://elamanella.com/acedoc/,1,1,1,1,1,1,1,-1,1,0,1,1,0,0,0,1,1,1,1,1,1,1,1,1,1,0,0,1,1,1,-1
http://fiorenzapaes.com.br/court/,1,1,1,1,1,1,0,-1,1,0,1,1,0,0,0,1,1,1,1,1,1,1,1,1,1,0,0,1,1,1,-1
http://fitco.com.br/creatiohj/download.html,1,1,1,1,1,1,-1,-1,1,0,1,1,0,0,0,1,1,1,1,1,1,1,1,1,1,0,0,1,1,1,-1
http://envolcomunicacao.com.br/grandpa/,1,1,1,1,1,1,0,-1,1,0,1,1,0,0,0,1,1,1,1,1,1,1,1,1,1,0,0,1,1,1,-1
http://globals-trackings.vercel.app/,1,1,1,1,1,-1,0,-1,-1,1,1,1,0,0,-1,1,1,1,1,1,1,1,1,-1,-1,0,0,1,1,1,-1
http://fertilityacu.net/adobe.digital.exe/,1,1,1,1,1,1,-1,-1,1,0,1,1,0,0,0,1,1,1,1,1,1,1,1,1,1,0,0,1,1,1,-1
http://gemnini-login.gitbook.io/,1,1,1,1,1,-1,0,-1,1,1,1,1,-1,-1,1,1,1,1,0,1,1,1,1,1,1,0,0,1,-1,1,-1
http://edmond-ntakpe.com/irstranscripviewer/,1,1,1,1,1,-1,1,-1,1,0,1,1,-1,0,-1,0,0,1,-1,0,0,0,0,1,1,0,0,1,-1,1,-1
http://drnissan57.com/greenvalleyvet.net/,1,1,1,1,1,1,0,-1,1,0,1,1,0,0,0,1,1,1,1,1,1,1,1,1,1,0,0,1,1,1,-1
http://feratyxz.faydnx.web.id/,1,1,1,1,1,1,-1,-1,-1,0,1,1,-1,0,-1,0,0,1,-1,0,0,0,0,-1,-1,0,0,1,-1,1,-1
http://freeholdwebdesign.com/TTUCORP/,1,1,1,1,1,1,1,-1,1,0,1,1,0,0,0,1,1,1,1,1,1,1,1,1,1,0,0,1,1,1,-1
http://ghorarshop.com/amos/download.html,1,1,1,1,1,1,0,-1,1,0,1,1,-1,0,0,1,1,1,1,1,1,1,1,1,1,0,0,1,1,1,-1
http://galyabet.app/,1,1,1,1,1,1,1,-1,-1,1,1,1,1,-1,0,1,1,1,1,1,1,1,1,-1,-1,0,0,1,-1,1,-1
http://facebookloginapp.blogspot.com/?m=1,1,1,1,1,1,1,0,-1,-1,1,1,1,0,0,0,1,1,1,1,1,1,1,1,-1,-1,0,0,1,-1,1,-1
http://fugusa.sbs/offer/,1,1,1,1,1,1,1,-1,1,0,1,1,0,0,-1,1,1,1,1,1,1,1,1,-1,-1,0,0,1,1,1,-1
http://fuxypod.unaux.com/,1,1,1,1,1,1,0,-1,1,0,1,1,-1,0,-1,0,0,1,-1,0,0,0,0,1,1,0,0,1,-1,1,-1
http://ghaffariindgroup.com/Selcotime/,1,1,1,1,1,1,1,-1,1,0,1,1,0,0,0,1,1,1,1,1,1,1,1,1,1,0,0,1,1,1,-1
http://gundam.technology/urgfem/,1,1,1,1,1,1,1,-1,-1,-1,1,1,0,-1,1,0,1,1,1,1,1,1,1,-1,-1,0,0,1,0,1,-1
http://fontem.org/wp-admin/Advisor_Share_Wealth_Management/download.html,1,0,1,1,1,1,0,-1,1,1,1,1,-1,0,-1,1,1,1,1,1,1,1,1,1,1,0,0,1,-1,1,-1
http://hm-investsport.dz/cgi-sys/suspendedpage.cgi,1,1,1,1,1,-1,0,-1,-1,0,1,1,0,0,0,1,1,1,1,1,1,1,1,1,1,0,0,1,1,1,-1
http://hattanpublishers.com/cdphospital/,1,1,1,1,1,1,1,-1,1,0,1,1,0,0,0,1,1,1,1,1,1,1,1,1,1,0,0,1,1,1,-1
http://kh3a.de/internationalmicro/denied.html,1,1,1,1,1,1,0,-1,-1,0,1,1,0,0,0,1,1,1,1,1,1,1,1,-1,-1,0,0,1,1,1,-1
http://hikmvn.com/pop/,1,1,1,1,1,1,1,-1,1,0,1,1,-1,0,0,1,1,1,1,1,1,1,1,-1,-1,0,0,1,1,1,-1
http://jubilant-travelers-314515.framer.app/,1,1,1,1,1,-1,0,-1,-1,1,1,1,1,-1,1,1,1,1,1,1,1,1,1,-1,-1,0,0,1,1,1,-1
http://galabetbet.com/,1,1,1,1,1,1,1,-1,1,0,1,1,0,0,0,1,1,1,1,1,1,1,1,-1,-1,0,0,1,1,1,-1
http://htogroup.co.in/AdobeReader/,1,1,1,1,1,1,0,-1,1,0,1,1,0,0,0,1,1,1,1,1,1,1,1,1,1,0,0,1,1,1,-1
http://iwd154.icu/cgi-sys/suspendedpage.cgi,1,1,1,1,1,1,0,-1,1,-1,1,1,0,-1,1,1,-1,1,1,1,1,1,1,1,1,0,0,1,0,1,-1
http://hikmvn.com/pop/denied.html,1,1,1,1,1,1,0,-1,1,0,1,1,0,0,0,1,1,1,1,1,1,1,1,-1,-1,0,0,1,1,1,-1
http://istockrf.com/cgi-sys/suspendedpage.cgi,1,1,1,1,1,1,0,-1,1,-1,1,1,0,-1,1,1,-1,1,1,1,1,1,1,1,1,0,0,1,0,1,-1
http://kocin-logiiuixnlkg-io.godaddysites.com/,1,1,1,1,1,-1,0,-1,1,1,1,1,1,0,1,1,-1,1,1,1,1,1,1,1,1,0,0,1,1,1,-1
http://kioxcoinlogxno.godaddysites.com/,1,1,1,1,1,1,0,-1,1,1,1,1,1,0,1,1,-1,1,1,1,1,1,1,1,1,0,0,1,1,1,-1
http://ksaservicesarl.com/hobbs-potts/,1,1,1,1,1,1,1,-1,1,0,1,1,-1,0,-1,0,0,1,-1,0,0,0,0,1,1,0,0,1,-1,1,-1
http://instagramlogin99.blogspot.com/?m=1,1,1,1,1,1,1,0,-1,-1,1,1,1,0,-1,0,1,1,1,1,1,1,1,1,-1,-1,0,0,1,-1,1,-1
http://ksaservicesarl.com/JASPERPLASTICS/download.html,1,0,1,1,1,1,0,-1,1,0,1,1,-1,0,-1,0,0,1,-1,0,0,0,0,1,1,0,0,1,-1,1,-1
http://john-aichach.de/cgi-sys/suspendedpage.cgi,1,1,1,1,1,-1,0,-1,-1,-1,1,1,0,-1,1,1,1,1,1,1,1,1,1,-1,-1,0,0,1,0,1,-1
http://koiocionlogox.godaddysites.com/,1,1,1,1,1,1,0,-1,1,1,1,1,1,0,1,1,-1,1,1,1,1,1,1,1,1,0,0,1,1,1,-1
http://koicimlogimn.godaddysites.com/,1,1,1,1,1,1,0,-1,1,1,1,1,1,0,1,1,-1,1,1,1,1,1,1,1,1,0,0,1,1,1,-1
http://kkkukoimlgnn.godaddysites.com/,1,1,1,1,1,1,0,-1,1,1,1,1,1,0,1,1,-1,1,1,1,1,1,1,1,1,0,0,1,1,1,-1
http://kucein-log.godaddysites.com/,1,1,1,1,1,-1,0,-1,1,1,1,1,0,0,1,1,-1,1,1,1,1,1,1,1,1,0,0,1,1,1,-1
http://kucio-nloggn.godaddysites.com/,1,1,1,1,1,-1,0,-1,1,1,1,1,1,0,1,1,-1,1,1,1,1,1,1,1,1,0,0,1,1,1,-1
http://kuciounlognjus.godaddysites.com/,1,1,1,1,1,1,0,-1,1,1,1,1,1,0,1,1,-1,1,1,1,1,1,1,1,1,0,0,1,1,1,-1
http://imisedu.com/info/,1,1,1,1,1,1,1,-1,1,0,1,1,0,0,0,1,1,1,1,1,1,1,1,1,1,0,0,1,1,1,-1
http://kucoini-uvslogn.godaddysites.com/,1,1,1,1,1,-1,0,-1,1,1,1,1,1,0,1,1,-1,1,1,1,1,1,1,1,1,0,0,1,1,1,-1
http://heasrty.respay.web.id/,1,1,1,1,1,1,-1,-1,-1,0,1,1,-1,0,-1,0,0,1,-1,0,0,0,0,-1,-1,0,0,1,-1,1,-1
http://ksaservicesarl.com/t2.net/,1,1,1,1,1,1,0,-1,1,0,1,1,-1,0,-1,0,0,1,-1,0,0,0,0,1,1,0,0,1,-1,1,-1
http://koiicinglllcoig.godaddysites.com/,1,1,1,1,1,1,0,-1,-1,1,1,1,1,-1,1,1,-1,1,1,1,1,1,1,-1,-1,0,0,1,1,1,-1
http://makharza.ps/lehnpainting/download.html,1,1,1,1,1,1,0,-1,-1,0,1,1,0,0,0,1,1,1,1,1,1,1,1,-1,-1,0,0,1,1,1,-1
http://kuikanxllognn.godaddysites.com/,1,1,1,1,1,1,0,-1,1,1,1,1,1,0,1,1,-1,1,1,1,1,1,1,1,1,0,0,1,1,1,-1
http://maakmaghdouche.org/av-intel-order/download.html,1,0,1,1,1,1,0,-1,1,0,1,1,0,0,0,1,1,1,1,1,1,1,1,1,1,0,0,1,1,1,-1
http://maakmaghdouche.org/barscoreece/,1,1,1,1,1,1,1,-1,1,0,1,1,0,0,0,1,1,1,1,1,1,1,1,1,1,0,0,1,1,1,-1
http://mkrjb641kf-pldwfpdrf-5e0a8b-vzk14n.pages.dev/,1,1,1,1,1,-1,0,-1,-1,-1,1,1,0,-1,1,0,1,1,1,1,1,1,1,-1,-1,0,0,1,0,1,-1
http://luvmelove.com/cori/download.html,1,1,1,1,1,1,0,-1,1,0,1,1,0,0,0,1,1,1,1,1,1,1,1,1,1,0,0,1,1,1,-1
http://imisedu.com/Documetshared/,1,1,1,1,1,1,1,-1,1,0,1,1,-1,0,-1,0,0,1,-1,0,0,0,0,1,1,0,0,1,-1,1,-1
http://klausfhepp.com/ino/,1,1,1,1,1,1,1,-1,1,0,1,1,-1,0,-1,0,0,1,-1,0,0,0,0,1,1,0,0,1,-1,1,-1
http://maakmaghdouche.org/fxpay/download.html,1,1,1,1,1,1,0,-1,1,0,1,1,0,0,0,1,1,1,1,1,1,1,1,1,1,0,0,1,1,1,-1
http://maks.mx/cgi-sys/suspendedpage.cgi,1,1,1,1,1,1,0,-1,1,-1,1,1,0,-1,1,1,1,1,1,1,1,1,1,1,1,0,0,1,0,1,-1
http://maks.mx/planzr/approval.php,1,1,1,1,1,1,0,-1,1,0,1,1,0,0,0,1,1,1,1,1,1,1,1,1,1,0,0,1,1,1,-1
http://luvmelove.com/lop/,1,1,1,1,1,1,1,-1,1,0,1,1,0,0,0,1,1,1,1,1,1,1,1,1,1,0,0,1,1,1,-1
http://luvmelove.com/leh/,1,1,1,1,1,1,1,-1,1,0,1,1,0,-1,0,1,1,1,1,1,1,1,1,1,1,0,0,1,0,1,-1
http://manobrowser.com.br/AdobeAcrobatReader/,1,1,1,1,1,1,0,-1,1,0,1,1,0,0,0,1,1,1,1,1,1,1,1,1,1,0,0,1,1,1,-1
http://manpowerindia.co.in/backpaintexarkana/download.html,1,0,1,1,1,1,-1,-1,1,0,1,1,0,0,0,1,1,1,1,1,1,1,1,1,1,0,0,1,1,1,-1
http://metinvltess.com/adobe_pdf/Windows/checking.php,1,1,1,1,1,1,0,-1,1,-1,1,1,0,-1,1,0,1,1,1,1,1,1,1,-1,-1,0,0,1,0,1,-1
http://maxispointsredemption.us.cc/4g/,1,1,1,1,1,1,0,-1,1,0,1,1,0,0,0,1,1,1,1,1,1,1,1,1,1,0,0,1,1,1,-1
http://netfflixui.netlify.app/,1,1,1,1,1,1,0,-1,-1,-1,1,1,1,-1,1,1,1,1,1,1,1,1,1,-1,-1,0,0,1,-1,1,-1
http://pentlowe-health-au.kosteradredging.workers.dev/,1,0,1,1,1,-1,-1,-1,-1,-1,1,1,0,-1,1,0,1,1,1,1,1,1,1,-1,-1,0,0,1,0,1,-1
http://metaaii-memetamusk-log-in.godaddysites.com/,1,1,1,1,1,-1,0,-1,1,1,1,1,1,-1,1,1,-1,1,1,1,1,1,1,1,1,0,0,1,1,1,-1
http://officepoint.co.ke/dspm/,1,1,1,1,1,1,0,-1,1,0,1,1,0,0,0,1,1,1,1,1,1,1,1,1,1,0,0,1,1,1,-1
http://mympni.org/ham/,1,1,1,1,1,1,1,-1,1,0,1,1,0,0,0,1,1,1,1,1,1,1,1,1,1,0,0,1,1,1,-1
http://obrapia.com/Adobe/en_Installer/,1,1,1,1,1,1,1,-1,1,0,1,1,0,0,0,1,1,1,1,1,1,1,1,1,1,0,0,1,1,1,-1
http://mahbub24.com/nvoad/,1,1,1,1,1,1,1,-1,1,0,1,1,-1,0,0,1,1,1,1,1,1,1,1,1,1,0,0,1,1,1,-1
http://omkaragritech.com/Inc/,1,1,1,1,1,1,1,-1,1,0,1,1,0,0,0,1,1,1,1,1,1,1,1,1,1,0,0,1,1,1,-1
http://maxispointsredemption.us.cc/4g/home.html,1,1,1,1,1,1,-1,-1,1,1,1,1,0,-1,0,0,1,1,0,1,1,1,1,1,1,0,0,1,-1,1,-1
http://raphaelaguilar.matmcc.org/netsource/download.html,1,0,1,1,1,1,-1,-1,1,0,1,1,-1,0,0,1,1,1,1,1,1,1,1,1,1,0,0,1,1,1,-1
http://padisahbet.enyenigirisi2.com/,1,1,1,1,1,1,0,-1,1,1,1,1,-1,-1,0,0,1,1,1,1,1,1,1,-1,-1,0,0,1,-1,1,-1
http://neighborhood-renovations.com/bless/,1,1,1,1,1,-1,1,-1,1,0,1,1,0,0,0,1,1,1,1,1,1,1,1,1,1,0,0,1,1,1,-1
http://radhakrishanparivar.com/jslawgroup/,1,1,1,1,1,1,1,-1,1,0,1,1,0,0,0,1,1,1,1,1,1,1,1,1,1,0,0,1,1,1,-1
http://pdf.docu-adobefile.cam/windows/,1,1,1,1,1,-1,0,-1,1,-1,1,1,0,-1,1,0,1,1,1,1,1,1,1,-1,-1,0,0,1,0,1,-1
http://paramotores-sierramadre.com/wp-admin/E4P_Consulting_Engineering_pllc/,1,-1,1,1,1,-1,1,-1,1,0,1,1,0,0,0,1,1,1,1,1,1,1,1,1,1,0,0,1,1,1,-1
http://richnfresh.com/kusona/,1,1,1,1,1,1,1,-1,1,0,1,1,0,0,0,1,1,1,1,1,1,1,1,1,1,0,0,1,1,1,-1
http://recruitmentagencyindonesia.com/Lordknw/denied.html,1,0,1,1,1,1,0,-1,1,0,1,1,0,0,0,1,1,1,1,1,1,1,1,1,1,0,0,1,1,1,-1
http://rwan1122.github.io/amazon-project,1,1,1,1,1,1,0,-1,-1,1,1,1,-1,-1,0,1,1,1,0,1,1,1,1,-1,-1,0,0,1,0,1,-1
http://secure-page-creator--george-x-x.replit.app/,1,1,1,1,1,-1,0,-1,-1,0,1,1,0,0,0,1,1,1,1,1,1,1,1,-1,-1,0,0,1,1,1,-1
http://rusafewa.com/cgi-sys/suspendedpage.cgi,1,1,1,1,1,1,0,-1,1,0,1,1,0,0,0,1,1,1,1,1,1,1,1,1,1,0,0,1,1,1,-1
http://silly-cannoli-f9521c.netlify.app/,1,1,1,1,1,-1,0,-1,-1,0,1,1,1,-1,0,1,1,1,1,1,1,1,1,-1,-1,0,0,1,-1,1,-1
http://serkandemirci.com/scapesincokc/download.html,1,1,1,1,1,1,0,-1,1,0,1,1,0,0,0,1,1,1,1,1,1,1,1,1,1,0,0,1,1,1,-1
http://satccu.com.gh/younglawfirm/,1,1,1,1,1,1,0,-1,1,0,1,1,0,0,0,1,1,1,1,1,1,1,1,1,1,0,0,1,1,1,-1
http://server1341.github.io/chase1,1,1,1,1,1,1,0,-1,-1,0,1,1,-1,-1,0,1,1,1,0,1,1,1,1,-1,-1,0,0,1,-1,1,-1
http://roblox.com.bi/,1,1,1,1,1,1,0,-1,1,-1,1,1,1,-1,1,1,1,1,0,1,1,1,1,-1,-1,0,0,1,0,1,-1
http://smca.info/mwhips-invoice/download.html,1,1,1,1,1,1,0,-1,-1,0,1,1,0,0,0,1,1,1,1,1,1,1,1,-1,-1,0,0,1,1,1,-1
http://solairdrops-kg.netlify.app/,1,1,1,1,1,-1,0,-1,-1,0,1,1,0,0,0,1,1,1,1,1,1,1,1,-1,-1,0,0,1,1,1,-1
http://sp3ct-barnik-biz8-fesqor-mulad.pages.dev/appeals/submit-appeal-form/return,1,-1,1,1,1,-1,0,-1,-1,-1,1,1,0,-1,1,0,1,1,1,1,1,1,1,-1,-1,0,0,1,0,1,-1
http://sp3ct-basqor-biz8-kelvik-luned.pages.dev/appeals/submit-appeal-form/return,1,-1,1,1,1,-1,0,-1,-1,-1,1,1,0,-1,1,0,1,1,1,1,1,1,1,-1,-1,0,0,1,0,1,-1
http://sp3ct-barsel-biz8-kavqor-fudem.pages.dev/appeals/submit-appeal-form/return,1,-1,1,1,1,-1,0,-1,-1,-1,1,1,0,-1,1,0,1,1,1,1,1,1,1,-1,-1,0,0,1,0,1,-1
http://sp3ct-bavlor-biz8-mersik-fudan.pages.dev/appeals/submit-appeal-form/return,1,-1,1,1,1,-1,0,-1,-1,-1,1,1,0,-1,1,0,1,1,1,1,1,1,1,-1,-1,0,0,1,0,1,-1
http://sp3ct-belvak-biz8-korsel-funed.pages.dev/appeals/submit-appeal-form/return,1,-1,1,1,1,-1,0,-1,-1,-1,1,1,0,-1,1,0,1,1,1,1,1,1,1,-1,-1,0,0,1,0,1,-1
http://sp3ct-bornak-biz8-helqik-vured.pages.dev/appeals/submit-appeal-form/return,1,-1,1,1,1,-1,0,-1,-1,-1,1,1,0,-1,1,0,1,1,1,1,1,1,1,-1,-1,0,0,1,0,1,-1
http://sp3ct-borsel-biz8-qavrik-hudor.pages.dev/appeals/submit-appeal-form/return,1,-1,1,1,1,-1,0,-1,-1,-1,1,1,0,-1,1,0,1,1,1,1,1,1,1,-1,-1,0,0,1,0,1,-1
http://sngastro.in/donconkey/download.html,1,1,1,1,1,1,0,-1,1,0,1,1,0,0,0,1,1,1,1,1,1,1,1,1,1,0,0,1,1,1,-1
http://servicionatural.webcindario.com/,1,1,1,1,1,1,0,-1,1,-1,1,1,1,-1,0,1,1,1,1,1,1,1,1,1,1,0,0,1,0,1,-1
http://sp3ct-damvor-biz8-hurnik-pasek.pages.dev/appeals/submit-appeal-form/return,1,-1,1,1,1,-1,0,-1,-1,-1,1,1,0,-1,1,0,1,1,1,1,1,1,1,-1,-1,0,0,1,0,1,-1
http://sewaghar.com/playboxthe/,1,1,1,1,1,1,1,-1,1,0,1,1,0,0,0,1,1,1,1,1,1,1,1,1,1,0,0,1,1,1,-1
http://sp3ct-dorsak-biz8-felqor-luden.pages.dev/appeals/submit-appeal-form/return,1,-1,1,1,1,-1,0,-1,-1,-1,1,1,0,-1,1,0,1,1,1,1,1,1,1,-1,-1,0,0,1,0,1,-1
http://sp3ct-delvak-biz8-harqik-mured.pages.dev/appeals/submit-appeal-form/return,1,-1,1,1,1,-1,0,-1,-1,-1,1,1,0,-1,1,0,1,1,1,1,1,1,1,-1,-1,0,0,1,0,1,-1
http://sp3ct-farnik-biz8-zelqas-murad.pages.dev/appeals/submit-appeal-form/return,1,-1,1,1,1,-1,0,-1,-1,-1,1,1,0,-1,1,0,1,1,1,1,1,1,1,-1,-1,0,0,1,0,1,-1
http://sp3ct-durnik-biz8-velqas-forem.pages.dev/appeals/submit-appeal-form/return,1,-1,1,1,1,-1,0,-1,-1,-1,1,1,0,-1,1,0,1,1,1,1,1,1,1,-1,-1,0,0,1,0,1,-1
http://sp29ct-pronsik-biz-kelvak-homtor.pages.dev/appeals/submit-appeal-form/return,1,-1,1,1,1,-1,0,-1,-1,-1,1,1,0,-1,1,0,1,1,1,1,1,1,1,-1,-1,0,0,1,0,1,-1
http://sp3ct-farnol-biz8-zelqik-rudan.pages.dev/appeals/submit-appeal-form/return,1,-1,1,1,1,-1,0,-1,-1,-1,1,1,0,-1,1,0,1,1,1,1,1,1,1,-1,-1,0,0,1,0,1,-1
http://sp3ct-brelik-biz8-torqas-moden.pages.dev/appeals/submit-appeal-form/return,1,-1,1,1,1,-1,0,-1,-1,-1,1,1,0,-1,1,0,1,1,1,1,1,1,1,-1,-1,0,0,1,0,1,-1
http://sp3ct-farqem-biz8-kurnik-dosel.pages.dev/appeals/submit-appeal-form/return,1,-1,1,1,1,-1,0,-1,-1,-1,1,1,0,-1,1,0,1,1,1,1,1,1,1,-1,-1,0,0,1,0,1,-1
http://sp3ct-delqem-biz8-farnik-mused.pages.dev/appeals/submit-appeal-form/return,1,-1,1,1,1,-1,0,-1,-1,-1,1,1,0,-1,1,0,1,1,1,1,1,1,1,-1,-1,0,0,1,0,1,-1
http://service-onlineauth-ausgov.com/,1,1,1,1,1,-1,1,-1,1,0,1,1,0,0,0,1,1,1,1,1,1,1,1,-1,-1,0,0,1,1,1,-1
http://sp3ct-favrik-biz8-lorqor-mused.pages.dev/appeals/submit-appeal-form/return,1,-1,1,1,1,-1,0,-1,-1,-1,1,1,0,-1,1,0,1,1,1,1,1,1,1,-1,-1,0,0,1,0,1,-1
http://sp3ct-felqor-biz8-zurnel-luhad.pages.dev/appeals/submit-appeal-form/return,1,-1,1,1,1,-1,0,-1,-1,-1,1,1,0,-1,1,0,1,1,1,1,1,1,1,-1,-1,0,0,1,0,1,-1
http://sp3ct-folvak-biz8-mesqik-duran.pages.dev/appeals/submit-appeal-form/return,1,-1,1,1,1,-1,0,-1,-1,-1,1,1,0,-1,1,0,1,1,1,1,1,1,1,-1,-1,0,0,1,0,1,-1
http://publichoicepodcast.unaux.com/,1,1,1,1,1,1,0,-1,-1,0,1,1,-1,0,-1,0,0,1,-1,0,0,0,0,-1,-1,0,0,1,-1,1,-1
http://sp3ct-forsak-biz8-lenqor-hidem.pages.dev/appeals/submit-appeal-form/return,1,-1,1,1,1,-1,0,-1,-1,-1,1,1,0,-1,1,0,1,1,1,1,1,1,1,-1,-1,0,0,1,0,1,-1
http://sp3ct-fovrik-biz8-parqor-dusel.pages.dev/appeals/submit-appeal-form/return,1,-1,1,1,1,-1,0,-1,-1,-1,1,1,0,-1,1,0,1,1,1,1,1,1,1,-1,-1,0,0,1,0,1,-1
http://sp3ct-furnik-biz8-darsel-povad.pages.dev/appeals/submit-appeal-form/return,1,-1,1,1,1,-1,0,-1,-1,-1,1,1,0,-1,1,0,1,1,1,1,1,1,1,-1,-1,0,0,1,0,1,-1
http://sp3ct-furnik-biz8-velqas-domar.pages.dev/appeals/submit-appeal-form/return,1,-1,1,1,1,-1,0,-1,-1,-1,1,1,0,-1,1,0,1,1,1,1,1,1,1,-1,-1,0,0,1,0,1,-1
http://sp3ct-furnor-biz8-kelqik-dasem.pages.dev/appeals/submit-appeal-form/return,1,-1,1,1,1,-1,0,-1,-1,-1,1,1,0,-1,1,0,1,1,1,1,1,1,1,-1,-1,0,0,1,0,1,-1
http://sp3ct-halqik-biz8-renvak-lusor.pages.dev/appeals/submit-appeal-form/return,1,-1,1,1,1,-1,0,-1,-1,-1,1,1,0,-1,1,0,1,1,1,1,1,1,1,-1,-1,0,0,1,0,1,-1
http://sp3ct-harsik-biz8-pelqor-muden.pages.dev/appeals/submit-appeal-form/return,1,-1,1,1,1,-1,0,-1,-1,-1,1,1,0,-1,1,0,1,1,1,1,1,1,1,-1,-1,0,0,1,0,1,-1
http://sp3ct-havqik-biz8-polren-mudem.pages.dev/appeals/submit-appeal-form/return,1,-1,1,1,1,-1,0,-1,-1,-1,1,1,0,-1,1,0,1,1,1,1,1,1,1,-1,-1,0,0,1,0,1,-1
http://sp3ct-havqor-biz8-larnik-dusem.pages.dev/appeals/submit-appeal-form/return,1,-1,1,1,1,-1,0,-1,-1,-1,1,1,0,-1,1,0,1,1,1,1,1,1,1,-1,-1,0,0,1,0,1,-1
http://sp3ct-hersak-biz8-lovqen-pudal.pages.dev/appeals/submit-appeal-form/return,1,-1,1,1,1,-1,0,-1,-1,-1,1,1,0,-1,1,0,1,1,1,1,1,1,1,-1,-1,0,0,1,0,1,-1
http://sp3ct-havrik-biz8-korqas-polen.pages.dev/appeals/submit-appeal-form/return,1,-1,1,1,1,-1,0,-1,-1,-1,1,1,0,-1,1,0,1,1,1,1,1,1,1,-1,-1,0,0,1,0,1,-1
http://sp3ct-hesqen-biz8-morvik-ladep.pages.dev/appeals/submit-appeal-form/return,1,-1,1,1,1,-1,0,-1,-1,-1,1,1,0,-1,1,0,1,1,1,1,1,1,1,-1,-1,0,0,1,0,1,-1
http://sp3ct-hurnor-biz8-kesqel-rudam.pages.dev/appeals/submit-appeal-form/return,1,-1,1,1,1,-1,0,-1,-1,-1,1,1,0,-1,1,0,1,1,1,1,1,1,1,-1,-1,0,0,1,0,1,-1
http://sp3ct-holnar-biz8-vesqik-lutem.pages.dev/appeals/submit-appeal-form/return,1,-1,1,1,1,-1,0,-1,-1,-1,1,1,0,-1,1,0,1,1,1,1,1,1,1,-1,-1,0,0,1,0,1,-1
http://solunaenterprises.org/Manuel.Rico/portal/download.html,1,0,1,1,1,1,-1,-1,1,0,1,1,0,0,0,1,1,1,1,1,1,1,1,1,1,0,0,1,1,1,-1
http://sp3ct-holnik-biz8-renqel-fudam.pages.dev/appeals/submit-appeal-form/return,1,-1,1,1,1,-1,0,-1,-1,-1,1,1,0,-1,1,0,1,1,1,1,1,1,1,-1,-1,0,0,1,0,1,-1
http://sp3ct-holqik-biz8-varsel-munod.pages.dev/appeals/submit-appeal-form/return,1,-1,1,1,1,-1,0,-1,-1,-1,1,1,0,-1,1,0,1,1,1,1,1,1,1,-1,-1,0,0,1,0,1,-1
http://sp3ct-horsel-biz8-qavrik-fudem.pages.dev/appeals/submit-appeal-form/return,1,-1,1,1,1,-1,0,-1,-1,-1,1,1,0,-1,1,0,1,1,1,1,1,1,1,-1,-1,0,0,1,0,1,-1
http://sp3ct-hurnik-biz8-fesqel-lorud.pages.dev/appeals/submit-appeal-form/return,1,-1,1,1,1,-1,0,-1,-1,-1,1,1,0,-1,1,0,1,1,1,1,1,1,1,-1,-1,0,0,1,0,1,-1
http://sp3ct-hesrik-biz8-qolvak-durem.pages.dev/appeals/submit-appeal-form/return,1,-1,1,1,1,-1,0,-1,-1,-1,1,1,0,-1,1,0,1,1,1,1,1,1,1,-1,-1,0,0,1,0,1,-1
http://sp3ct-jasqel-biz8-murnak-lovid.pages.dev/appeals/submit-appeal-form/return,1,-1,1,1,1,-1,0,-1,-1,-1,1,1,0,-1,1,0,1,1,1,1,1,1,1,-1,-1,0,0,1,0,1,-1
http://sp3ct-karsel-biz8-henqik-povur.pages.dev/appeals/submit-appeal-form/return,1,-1,1,1,1,-1,0,-1,-1,-1,1,1,0,-1,1,0,1,1,1,1,1,1,1,-1,-1,0,0,1,0,1,-1
http://sp3ct-kavlor-biz8-mesqor-pufem.pages.dev/appeals/submit-appeal-form/return,1,-1,1,1,1,-1,0,-1,-1,-1,1,1,0,-1,1,0,1,1,1,1,1,1,1,-1,-1,0,0,1,0,1,-1
http://sp3ct-kavrik-biz8-morsel-huden.pages.dev/appeals/submit-appeal-form/return,1,-1,1,1,1,-1,0,-1,-1,-1,1,1,0,-1,1,0,1,1,1,1,1,1,1,-1,-1,0,0,1,0,1,-1
http://sp3ct-kelqas-biz8-ramvik-foden.pages.dev/appeals/submit-appeal-form/return,1,-1,1,1,1,-1,0,-1,-1,-1,1,1,0,-1,1,0,1,1,1,1,1,1,1,-1,-1,0,0,1,0,1,-1
http://sp3ct-kersel-biz8-movqik-hurad.pages.dev/appeals/submit-appeal-form/return,1,-1,1,1,1,-1,0,-1,-1,-1,1,1,0,-1,1,0,1,1,1,1,1,1,1,-1,-1,0,0,1,0,1,-1
http://sp3ct-keslor-biz8-mavrik-fuden.pages.dev/appeals/submit-appeal-form/return,1,-1,1,1,1,-1,0,-1,-1,-1,1,1,0,-1,1,0,1,1,1,1,1,1,1,-1,-1,0,0,1,0,1,-1
http://sp3ct-kesnik-biz8-malqem-rudor.pages.dev/appeals/submit-appeal-form/return,1,-1,1,1,1,-1,0,-1,-1,-1,1,1,0,-1,1,0,1,1,1,1,1,1,1,-1,-1,0,0,1,0,1,-1
http://sp3ct-kornel-biz8-ravqem-fudor.pages.dev/appeals/submit-appeal-form/return,1,-1,1,1,1,-1,0,-1,-1,-1,1,1,0,-1,1,0,1,1,1,1,1,1,1,-1,-1,0,0,1,0,1,-1
http://sp3ct-korvik-biz8-zarnel-mudok.pages.dev/appeals/submit-appeal-form/return,1,-1,1,1,1,-1,0,-1,-1,-1,1,1,0,-1,1,0,1,1,1,1,1,1,1,-1,-1,0,0,1,0,1,-1
http://sp3ct-larnex-biz8-vesqor-pidam.pages.dev/appeals/submit-appeal-form/return,1,-1,1,1,1,-1,0,-1,-1,-1,1,1,0,-1,1,0,1,1,1,1,1,1,1,-1,-1,0,0,1,0,1,-1
http://sp3ct-larnik-biz8-movqem-husor.pages.dev/appeals/submit-appeal-form/return,1,-1,1,1,1,-1,0,-1,-1,-1,1,1,0,-1,1,0,1,1,1,1,1,1,1,-1,-1,0,0,1,0,1,-1
http://sp3ct-lavsel-biz8-korqor-mufed.pages.dev/appeals/submit-appeal-form/return,1,-1,1,1,1,-1,0,-1,-1,-1,1,1,0,-1,1,0,1,1,1,1,1,1,1,-1,-1,0,0,1,0,1,-1
http://sp3ct-lemqor-biz8-durnak-hovel.pages.dev/appeals/submit-appeal-form/return,1,-1,1,1,1,-1,0,-1,-1,-1,1,1,0,-1,1,0,1,1,1,1,1,1,1,-1,-1,0,0,1,0,1,-1
http://sp3ct-lernak-biz8-polqor-fudem.pages.dev/appeals/submit-appeal-form/return,1,-1,1,1,1,-1,0,-1,-1,-1,1,1,0,-1,1,0,1,1,1,1,1,1,1,-1,-1,0,0,1,0,1,-1
http://sp3ct-lersak-biz8-fonqor-videm.pages.dev/appeals/submit-appeal-form/return,1,-1,1,1,1,-1,0,-1,-1,-1,1,1,0,-1,1,0,1,1,1,1,1,1,1,-1,-1,0,0,1,0,1,-1
http://sp3ct-lorvak-biz8-mesqor-zudan.pages.dev/appeals/submit-appeal-form/return,1,-1,1,1,1,-1,0,-1,-1,-1,1,1,0,-1,1,0,1,1,1,1,1,1,1,-1,-1,0,0,1,0,1,-1
http://sp3ct-lorqik-biz8-furnel-mosed.pages.dev/appeals/submit-appeal-form/return,1,-1,1,1,1,-1,0,-1,-1,-1,1,1,0,-1,1,0,1,1,1,1,1,1,1,-1,-1,0,0,1,0,1,-1
http://sp3ct-lovrik-biz8-hurqor-fased.pages.dev/appeals/submit-appeal-form/return,1,-1,1,1,1,-1,0,-1,-1,-1,1,1,0,-1,1,0,1,1,1,1,1,1,1,-1,-1,0,0,1,0,1,-1
http://sp3ct-lurqas-biz8-zarnik-fodem.pages.dev/appeals/submit-appeal-form/return,1,-1,1,1,1,-1,0,-1,-1,-1,1,1,0,-1,1,0,1,1,1,1,1,1,1,-1,-1,0,0,1,0,1,-1
http://sp3ct-mavlor-biz8-forsik-zuden.pages.dev/appeals/submit-appeal-form/return,1,-1,1,1,1,-1,0,-1,-1,-1,1,1,0,-1,1,0,1,1,1,1,1,1,1,-1,-1,0,0,1,0,1,-1
http://sp3ct-lurvak-biz8-fornel-midam.pages.dev/appeals/submit-appeal-form/return,1,-1,1,1,1,-1,0,-1,-1,-1,1,1,0,-1,1,0,1,1,1,1,1,1,1,-1,-1,0,0,1,0,1,-1
http://sp3ct-mavnik-biz8-kolqor-hufem.pages.dev/appeals/submit-appeal-form/return,1,-1,1,1,1,-1,0,-1,-1,-1,1,1,0,-1,1,0,1,1,1,1,1,1,1,-1,-1,0,0,1,0,1,-1
http://premiumkeypodcast.unaux.com/,1,1,1,1,1,1,0,-1,1,0,1,1,-1,0,-1,0,0,1,-1,0,0,0,0,1,1,0,0,1,-1,1,-1
http://sp3ct-melrik-biz8-korqas-huvon.pages.dev/appeals/submit-appeal-form/return,1,-1,1,1,1,-1,0,-1,-1,-1,1,1,0,-1,1,0,1,1,1,1,1,1,1,-1,-1,0,0,1,0,1,-1
http://sp3ct-morsak-biz8-helqen-vudam.pages.dev/appeals/submit-appeal-form/return,1,-1,1,1,1,-1,0,-1,-1,-1,1,1,0,-1,1,0,1,1,1,1,1,1,1,-1,-1,0,0,1,0,1,-1
http://sp3ct-morsel-biz8-havqik-lorex.pages.dev/appeals/submit-appeal-form/return,1,-1,1,1,1,-1,0,-1,-1,-1,1,1,0,-1,1,0,1,1,1,1,1,1,1,-1,-1,0,0,1,0,1,-1
http://premiumtalkspodcast.unaux.com/,1,1,1,1,1,1,0,-1,1,0,1,1,-1,0,-1,0,0,1,-1,0,0,0,0,1,1,0,0,1,-1,1,-1
http://sp3ct-morvak-biz8-kelqor-lusen.pages.dev/appeals/submit-appeal-form/return,1,-1,1,1,1,-1,0,-1,-1,-1,1,1,0,-1,1,0,1,1,1,1,1,1,1,-1,-1,0,0,1,0,1,-1
http://sp3ct-navrik-biz8-horsel-fidam.pages.dev/appeals/submit-appeal-form/return,1,-1,1,1,1,-1,0,-1,-1,-1,1,1,0,-1,1,0,1,1,1,1,1,1,1,-1,-1,0,0,1,0,1,-1
http://sp3ct-neslor-biz8-dravik-pasem.pages.dev/appeals/submit-appeal-form/return,1,-1,1,1,1,-1,0,-1,-1,-1,1,1,0,-1,1,0,1,1,1,1,1,1,1,-1,-1,0,0,1,0,1,-1
http://sp3ct-norqas-biz8-pelvik-durem.pages.dev/appeals/submit-appeal-form/return,1,-1,1,1,1,-1,0,-1,-1,-1,1,1,0,-1,1,0,1,1,1,1,1,1,1,-1,-1,0,0,1,0,1,-1
http://sp3ct-norsel-biz8-kavqor-fidam.pages.dev/appeals/submit-appeal-form/return,1,-1,1,1,1,-1,0,-1,-1,-1,1,1,0,-1,1,0,1,1,1,1,1,1,1,-1,-1,0,0,1,0,1,-1
http://sp3ct-nurqik-biz8-porsel-fidem.pages.dev/appeals/submit-appeal-form/return,1,-1,1,1,1,-1,0,-1,-1,-1,1,1,0,-1,1,0,1,1,1,1,1,1,1,-1,-1,0,0,1,0,1,-1
http://sp3ct-parnik-biz8-kovqem-hused.pages.dev/appeals/submit-appeal-form/return,1,-1,1,1,1,-1,0,-1,-1,-1,1,1,0,-1,1,0,1,1,1,1,1,1,1,-1,-1,0,0,1,0,1,-1
http://sp3ct-polrem-biz8-harnik-fovel.pages.dev/appeals/submit-appeal-form/return,1,-1,1,1,1,-1,0,-1,-1,-1,1,1,0,-1,1,0,1,1,1,1,1,1,1,-1,-1,0,0,1,0,1,-1
http://sp3ct-pavlor-biz8-zesqik-horun.pages.dev/appeals/submit-appeal-form/return,1,-1,1,1,1,-1,0,-1,-1,-1,1,1,0,-1,1,0,1,1,1,1,1,1,1,-1,-1,0,0,1,0,1,-1
http://sp3ct-murnak-biz8-kelqas-hovem.pages.dev/appeals/submit-appeal-form/return,1,-1,1,1,1,-1,0,-1,-1,-1,1,1,0,-1,1,0,1,1,1,1,1,1,1,-1,-1,0,0,1,0,1,-1
http://smstechnology.in/Inn/,1,1,1,1,1,1,1,-1,1,0,1,1,0,0,0,1,1,1,1,1,1,1,1,1,1,0,0,1,1,1,-1
http://sp3ct-porqas-biz8-delnik-fuvem.pages.dev/appeals/submit-appeal-form/return,1,-1,1,1,1,-1,0,-1,-1,-1,1,1,0,-1,1,0,1,1,1,1,1,1,1,-1,-1,0,0,1,0,1,-1
http://sp3ct-porsel-biz8-havqik-fudan.pages.dev/appeals/submit-appeal-form/return,1,-1,1,1,1,-1,0,-1,-1,-1,1,1,0,-1,1,0,1,1,1,1,1,1,1,-1,-1,0,0,1,0,1,-1
http://sp3ct-qarnik-biz8-lovqas-furem.pages.dev/appeals/submit-appeal-form/return,1,-1,1,1,1,-1,0,-1,-1,-1,1,1,0,-1,1,0,1,1,1,1,1,1,1,-1,-1,0,0,1,0,1,-1
http://sp3ct-porvik-biz8-delqen-hosar.pages.dev/appeals/submit-appeal-form/return,1,-1,1,1,1,-1,0,-1,-1,-1,1,1,0,-1,1,0,1,1,1,1,1,1,1,-1,-1,0,0,1,0,1,-1
http://sp3ct-qelvak-biz8-farsik-loden.pages.dev/appeals/submit-appeal-form/return,1,-1,1,1,1,-1,0,-1,-1,-1,1,1,0,-1,1,0,1,1,1,1,1,1,1,-1,-1,0,0,1,0,1,-1
http://sp3ct-qeslor-biz8-harnak-fuvil.pages.dev/appeals/submit-appeal-form/return,1,-1,1,1,1,-1,0,-1,-1,-1,1,1,0,-1,1,0,1,1,1,1,1,1,1,-1,-1,0,0,1,0,1,-1
http://sp3ct-qesnik-biz8-harnel-fudam.pages.dev/appeals/submit-appeal-form/return,1,-1,1,1,1,-1,0,-1,-1,-1,1,1,0,-1,1,0,1,1,1,1,1,1,1,-1,-1,0,0,1,0,1,-1
http://sp3ct-qovrik-biz8-farsel-muden.pages.dev/appeals/submit-appeal-form/return,1,-1,1,1,1,-1,0,-1,-1,-1,1,1,0,-1,1,0,1,1,1,1,1,1,1,-1,-1,0,0,1,0,1,-1
http://sp3ct-qovsak-biz8-harnik-mufed.pages.dev/appeals/submit-appeal-form/return,1,-1,1,1,1,-1,0,-1,-1,-1,1,1,0,-1,1,0,1,1,1,1,1,1,1,-1,-1,0,0,1,0,1,-1
http://sp3ct-qurnik-biz8-zelqas-horud.pages.dev/appeals/submit-appeal-form/return,1,-1,1,1,1,-1,0,-1,-1,-1,1,1,0,-1,1,0,1,1,1,1,1,1,1,-1,-1,0,0,1,0,1,-1
http://sp3ct-ramnik-biz8-zelqas-hudor.pages.dev/appeals/submit-appeal-form/return,1,-1,1,1,1,-1,0,-1,-1,-1,1,1,0,-1,1,0,1,1,1,1,1,1,1,-1,-1,0,0,1,0,1,-1
http://sp3ct-ransik-biz8-zelqem-fudor.pages.dev/appeals/submit-appeal-form/return,1,-1,1,1,1,-1,0,-1,-1,-1,1,1,0,-1,1,0,1,1,1,1,1,1,1,-1,-1,0,0,1,0,1,-1
http://sp3ct-raskel-biz8-vormek-lanqu.pages.dev/appeals/submit-appeal-form/return,1,-1,1,1,1,-1,0,-1,-1,-1,1,1,0,-1,1,0,1,1,1,1,1,1,1,-1,-1,0,0,1,0,1,-1
http://sp3ct-renqem-biz8-zarnik-ludor.pages.dev/appeals/submit-appeal-form/return,1,-1,1,1,1,-1,0,-1,-1,-1,1,1,0,-1,1,0,1,1,1,1,1,1,1,-1,-1,0,0,1,0,1,-1
http://sp3ct-rensak-biz8-felqik-movad.pages.dev/appeals/submit-appeal-form/return,1,-1,1,1,1,-1,0,-1,-1,-1,1,1,0,-1,1,0,1,1,1,1,1,1,1,-1,-1,0,0,1,0,1,-1
http://sp3ct-rolqas-biz8-farnik-vusem.pages.dev/appeals/submit-appeal-form/return,1,-1,1,1,1,-1,0,-1,-1,-1,1,1,0,-1,1,0,1,1,1,1,1,1,1,-1,-1,0,0,1,0,1,-1
http://sp3ct-rensel-biz8-forqik-mudor.pages.dev/appeals/submit-appeal-form/return,1,-1,1,1,1,-1,0,-1,-1,-1,1,1,0,-1,1,0,1,1,1,1,1,1,1,-1,-1,0,0,1,0,1,-1
http://sp3ct-rovnik-biz8-falqem-luden.pages.dev/appeals/submit-appeal-form/return,1,-1,1,1,1,-1,0,-1,-1,-1,1,1,0,-1,1,0,1,1,1,1,1,1,1,-1,-1,0,0,1,0,1,-1
http://sp3ct-renvak-biz8-folqor-mudam.pages.dev/appeals/submit-appeal-form/return,1,-1,1,1,1,-1,0,-1,-1,-1,1,1,0,-1,1,0,1,1,1,1,1,1,1,-1,-1,0,0,1,0,1,-1
http://sp3ct-rovsel-biz8-kelqor-mufed.pages.dev/appeals/submit-appeal-form/return,1,-1,1,1,1,-1,0,-1,-1,-1,1,1,0,-1,1,0,1,1,1,1,1,1,1,-1,-1,0,0,1,0,1,-1
http://sp3ct-savqor-biz8-lurnak-fimed.pages.dev/appeals/submit-appeal-form/return,1,-1,1,1,1,-1,0,-1,-1,-1,1,1,0,-1,1,0,1,1,1,1,1,1,1,-1,-1,0,0,1,0,1,-1
http://sp3ct-selvak-biz8-fornik-darem.pages.dev/appeals/submit-appeal-form/return,1,-1,1,1,1,-1,0,-1,-1,-1,1,1,0,-1,1,0,1,1,1,1,1,1,1,-1,-1,0,0,1,0,1,-1
http://sp3ct-tarnik-biz8-hesqor-ludem.pages.dev/appeals/submit-appeal-form/return,1,-1,1,1,1,-1,0,-1,-1,-1,1,1,0,-1,1,0,1,1,1,1,1,1,1,-1,-1,0,0,1,0,1,-1
http://sp3ct-tarnik-biz8-polqor-fused.pages.dev/appeals/submit-appeal-form/return,1,-1,1,1,1,-1,0,-1,-1,-1,1,1,0,-1,1,0,1,1,1,1,1,1,1,-1,-1,0,0,1,0,1,-1
http://sp3ct-tavlor-biz8-furnak-qidem.pages.dev/appeals/submit-appeal-form/return,1,-1,1,1,1,-1,0,-1,-1,-1,1,1,0,-1,1,0,1,1,1,1,1,1,1,-1,-1,0,0,1,0,1,-1
http://sp3ct-telqor-biz8-harnik-lufem.pages.dev/appeals/submit-appeal-form/return,1,-1,1,1,1,-1,0,-1,-1,-1,1,1,0,-1,1,0,1,1,1,1,1,1,1,-1,-1,0,0,1,0,1,-1
http://sp3ct-tersak-biz8-lovqor-hufem.pages.dev/appeals/submit-appeal-form/return,1,-1,1,1,1,-1,0,-1,-1,-1,1,1,0,-1,1,0,1,1,1,1,1,1,1,-1,-1,0,0,1,0,1,-1
http://sp3ct-torlem-biz8-karsik-voden.pages.dev/appeals/submit-appeal-form/return,1,-1,1,1,1,-1,0,-1,-1,-1,1,1,0,-1,1,0,1,1,1,1,1,1,1,-1,-1,0,0,1,0,1,-1
http://sp3ct-tolvak-biz8-fersik-pudam.pages.dev/appeals/submit-appeal-form/return,1,-1,1,1,1,-1,0,-1,-1,-1,1,1,0,-1,1,0,1,1,1,1,1,1,1,-1,-1,0,0,1,0,1,-1
http://sp3ct-torvak-biz8-helqik-pusen.pages.dev/appeals/submit-appeal-form/return,1,-1,1,1,1,-1,0,-1,-1,-1,1,1,0,-1,1,0,1,1,1,1,1,1,1,-1,-1,0,0,1,0,1,-1
http://sp3ct-varnik-biz8-pelqen-horex.pages.dev/appeals/submit-appeal-form/return,1,-1,1,1,1,-1,0,-1,-1,-1,1,1,0,-1,1,0,1,1,1,1,1,1,1,-1,-1,0,0,1,0,1,-1
http://sp3ct-vasrik-biz8-kelqen-horad.pages.dev/appeals/submit-appeal-form/return,1,-1,1,1,1,-1,0,-1,-1,-1,1,1,0,-1,1,0,1,1,1,1,1,1,1,-1,-1,0,0,1,0,1,-1
http://sp3ct-velnik-biz8-morqor-lused.pages.dev/appeals/submit-appeal-form/return,1,-1,1,1,1,-1,0,-1,-1,-1,1,1,0,-1,1,0,1,1,1,1,1,1,1,-1,-1,0,0,1,0,1,-1
http://sp3ct-velqas-biz8-parnik-husod.pages.dev/appeals/submit-appeal-form/return,1,-1,1,1,1,-1,0,-1,-1,-1,1,1,0,-1,1,0,1,1,1,1,1,1,1,-1,-1,0,0,1,0,1,-1
http://sp3ct-venqor-biz8-raskin-polad.pages.dev/appeals/submit-appeal-form/return,1,-1,1,1,1,-1,0,-1,-1,-1,1,1,0,-1,1,0,1,1,1,1,1,1,1,-1,-1,0,0,1,0,1,-1
http://sp3ct-velrik-biz8-hosqor-mudan.pages.dev/appeals/submit-appeal-form/return,1,-1,1,1,1,-1,0,-1,-1,-1,1,1,0,-1,1,0,1,1,1,1,1,1,1,-1,-1,0,0,1,0,1,-1
http://sp3ct-veslor-biz8-purnik-fosem.pages.dev/appeals/submit-appeal-form/return,1,-1,1,1,1,-1,0,-1,-1,-1,1,1,0,-1,1,0,1,1,1,1,1,1,1,-1,-1,0,0,1,0,1,-1
http://sp3ct-vesnik-biz8-parqor-hufad.pages.dev/appeals/submit-appeal-form/return,1,-1,1,1,1,-1,0,-1,-1,-1,1,1,0,-1,1,0,1,1,1,1,1,1,1,-1,-1,0,0,1,0,1,-1
http://sp3ct-vesqor-biz8-darnik-polam.pages.dev/appeals/submit-appeal-form/return,1,-1,1,1,1,-1,0,-1,-1,-1,1,1,0,-1,1,0,1,1,1,1,1,1,1,-1,-1,0,0,1,0,1,-1
http://sp3ct-vorsik-biz8-helqor-puden.pages.dev/appeals/submit-appeal-form/return,1,-1,1,1,1,-1,0,-1,-1,-1,1,1,0,-1,1,0,1,1,1,1,1,1,1,-1,-1,0,0,1,0,1,-1
http://sp3ct-vorqem-biz8-larnik-fudal.pages.dev/appeals/submit-appeal-form/return,1,-1,1,1,1,-1,0,-1,-1,-1,1,1,0,-1,1,0,1,1,1,1,1,1,1,-1,-1,0,0,1,0,1,-1
http://sp3ct-xavlor-biz8-ranqik-pused.pages.dev/appeals/submit-appeal-form/return,1,-1,1,1,1,-1,0,-1,-1,-1,1,1,0,-1,1,0,1,1,1,1,1,1,1,-1,-1,0,0,1,0,1,-1
http://sp3ct-yolvak-biz8-harsel-ludem.pages.dev/appeals/submit-appeal-form/return,1,-1,1,1,1,-1,0,-1,-1,-1,1,1,0,-1,1,0,1,1,1,1,1,1,1,-1,-1,0,0,1,0,1,-1
http://sp3ct-yavlor-biz8-mesrik-qodan.pages.dev/appeals/submit-appeal-form/return,1,-1,1,1,1,-1,0,-1,-1,-1,1,1,0,-1,1,0,1,1,1,1,1,1,1,-1,-1,0,0,1,0,1,-1
http://sp3ct-yorsak-biz8-pelqik-rumen.pages.dev/appeals/submit-appeal-form/return,1,-1,1,1,1,-1,0,-1,-1,-1,1,1,0,-1,1,0,1,1,1,1,1,1,1,-1,-1,0,0,1,0,1,-1
http://sp3ct-zalqik-biz8-ternak-lovur.pages.dev/appeals/submit-appeal-form/return,1,-1,1,1,1,-1,0,-1,-1,-1,1,1,0,-1,1,0,1,1,1,1,1,1,1,-1,-1,0,0,1,0,1,-1
http://sp3ct-zarnel-biz8-forsik-lupad.pages.dev/appeals/submit-appeal-form/return,1,-1,1,1,1,-1,0,-1,-1,-1,1,1,0,-1,1,0,1,1,1,1,1,1,1,-1,-1,0,0,1,0,1,-1
http://sp3ct-zavlor-biz8-merqik-hufan.pages.dev/appeals/submit-appeal-form/return,1,-1,1,1,1,-1,0,-1,-1,-1,1,1,0,-1,1,0,1,1,1,1,1,1,1,-1,-1,0,0,1,0,1,-1
http://sp3ct-zemlar-biz8-korvex-finul.pages.dev/appeals/submit-appeal-form/return,1,-1,1,1,1,-1,0,-1,-1,-1,1,1,0,-1,1,0,1,1,1,1,1,1,1,-1,-1,0,0,1,0,1,-1
http://sp3ct-zolvak-biz8-parqik-fudem.pages.dev/appeals/submit-appeal-form/return,1,-1,1,1,1,-1,0,-1,-1,-1,1,1,0,-1,1,0,1,1,1,1,1,1,1,-1,-1,0,0,1,0,1,-1
http://sp3ct-zorvak-biz8-felqor-dasin.pages.dev/appeals/submit-appeal-form/return,1,-1,1,1,1,-1,0,-1,-1,-1,1,1,0,-1,1,0,1,1,1,1,1,1,1,-1,-1,0,0,1,0,1,-1
http://sp3ct-zurnak-biz8-telqor-lovem.pages.dev/appeals/submit-appeal-form/return,1,-1,1,1,1,-1,0,-1,-1,-1,1,1,0,-1,1,0,1,1,1,1,1,1,1,-1,-1,0,0,1,0,1,-1
http://sp5ct-burex-biz8-falon-kirev.pages.dev/,1,1,1,1,1,-1,0,-1,-1,-1,1,1,0,-1,1,0,1,1,1,1,1,1,1,-1,-1,0,0,1,0,1,-1
http://sp5ct-tavro-biz8-selun-pravik.pages.dev/,1,1,1,1,1,-1,0,-1,-1,-1,1,1,0,-1,1,0,1,1,1,1,1,1,1,-1,-1,0,0,1,0,1,-1
http://sp5ct-ronik-biz8-falem-vurex.pages.dev/,1,1,1,1,1,-1,0,-1,-1,-1,1,1,0,-1,1,0,1,1,1,1,1,1,1,-1,-1,0,0,1,0,1,-1
http://sp6ct-kelmor-biz8-zintar-luvek.pages.dev/,1,1,1,1,1,-1,0,-1,-1,-1,1,1,0,-1,1,0,1,1,1,1,1,1,1,-1,-1,0,0,1,0,1,-1
http://smartspaceenterprise.com/buytsi/,1,1,1,1,1,1,1,-1,1,0,1,1,0,0,0,1,1,1,1,1,1,1,1,1,1,0,0,1,1,1,-1
http://started-dekstop.pages.dev/,1,1,1,1,1,-1,0,-1,-1,-1,1,1,0,-1,1,0,1,1,1,1,1,1,1,-1,-1,0,0,1,0,1,-1
http://srvicepromigrogershaweb-81d327.netlify.app/,1,1,1,1,1,-1,0,-1,-1,0,1,1,0,0,0,1,1,1,1,1,1,1,1,-1,-1,0,0,1,1,1,-1
http://telmora-gld-felmita-r2t3hq51.pages.dev/appeals/submit-appeal-form/return,1,-1,1,1,1,-1,0,-1,-1,-1,1,1,0,-1,1,0,1,1,1,1,1,1,1,-1,-1,0,0,1,0,1,-1
http://telmora-gld-fentela-r8t9dq33.pages.dev/appeals/submit-appeal-form/return,1,-1,1,1,1,-1,0,-1,-1,-1,1,1,0,-1,1,0,1,1,1,1,1,1,1,-1,-1,0,0,1,0,1,-1
http://telmora-gld-fentora-r8t7hq18.pages.dev/appeals/submit-appeal-form/return,1,-1,1,1,1,-1,0,-1,-1,-1,1,1,0,-1,1,0,1,1,1,1,1,1,1,-1,-1,0,0,1,0,1,-1
http://telvora-gld-felmari-a5v1hp98.pages.dev/appeals/submit-appeal-form/return,1,-1,1,1,1,-1,0,-1,-1,-1,1,1,0,-1,1,0,1,1,1,1,1,1,1,-1,-1,0,0,1,0,1,-1
http://specmaiil.vercel.app/,1,1,1,1,1,1,0,-1,-1,1,1,1,-1,-1,-1,0,1,1,1,1,1,1,1,-1,-1,0,0,1,-1,1,-1
http://telvora-gld-felmita-r6t4hp36.pages.dev/appeals/submit-appeal-form/return,1,-1,1,1,1,-1,0,-1,-1,-1,1,1,0,-1,1,0,1,1,1,1,1,1,1,-1,-1,0,0,1,0,1,-1
http://telvora-gld-zormela-r1x6dp47.pages.dev/appeals/submit-appeal-form/return,1,-1,1,1,1,-1,0,-1,-1,-1,1,1,0,-1,1,0,1,1,1,1,1,1,1,-1,-1,0,0,1,0,1,-1
http://telvora-gld-felquro-r1t2hq56.pages.dev/appeals/submit-appeal-form/return,1,-1,1,1,1,-1,0,-1,-1,-1,1,1,0,-1,1,0,1,1,1,1,1,1,1,-1,-1,0,0,1,0,1,-1
http://telzora-gld-fentora-r9t6hk55.pages.dev/appeals/submit-appeal-form/return,1,-1,1,1,1,-1,0,-1,-1,-1,1,1,0,-1,1,0,1,1,1,1,1,1,1,-1,-1,0,0,1,0,1,-1
http://streaming-ui-react.netlify.app/,1,1,1,1,1,-1,0,-1,-1,-1,1,1,0,-1,1,1,1,1,1,1,1,1,1,-1,-1,0,0,1,-1,1,-1
http://super-starburst-f65f7e.netlify.app/,1,1,1,1,1,-1,0,-1,-1,1,1,1,0,-1,1,0,1,1,1,1,1,1,1,-1,-1,0,0,1,-1,1,-1
http://three-gates.com/rovin/,1,1,1,1,1,-1,1,-1,1,0,1,1,0,0,0,1,1,1,1,1,1,1,1,1,1,0,0,1,1,1,-1
http://studio10inc.com/miracle/,1,1,1,1,1,1,1,-1,1,0,1,1,0,0,0,1,1,1,1,1,1,1,1,1,1,0,0,1,1,1,-1
http://sz.tkzkky.net/adobe/,1,1,1,1,1,1,0,-1,1,0,1,1,0,0,0,1,1,1,1,1,1,1,1,-1,-1,0,0,1,1,1,-1
http://taqwahajjumrah.com/bierihearing/,1,1,1,1,1,1,1,-1,1,0,1,1,-1,0,-1,0,0,1,-1,0,0,0,0,1,1,0,0,1,-1,1,-1
http://ubiquitous-fox-1d2094.netlify.app/,1,1,1,1,1,-1,0,-1,-1,1,1,1,1,-1,0,1,1,1,1,1,1,1,1,-1,-1,0,0,1,-1,1,-1
http://teamgon.com/newspace/,1,1,1,1,1,1,1,-1,1,0,1,1,0,0,0,1,1,1,1,1,1,1,1,1,1,0,0,1,1,1,-1
http://trailblazer-ent.com/cgi-sys/suspendedpage.cgi,1,1,1,1,1,-1,0,-1,1,0,1,1,1,0,0,1,1,1,1,1,1,1,1,1,1,0,0,1,1,1,-1
http://tieoneonforless.com/wp-admin/LAW_OFFICES_OF_ELIZABETH_KAUFMAN/,1,0,1,1,1,1,1,-1,1,0,1,1,0,0,0,1,1,1,1,1,1,1,1,1,1,0,0,1,1,1,-1
http://ukcert.co.uk/LewisAdams%26Associates/download.html,1,0,1,1,1,1,-1,-1,1,0,1,1,0,0,0,1,1,1,1,1,1,1,1,1,1,0,0,1,1,1,-1
http://uniabjpoliticalsciencejournals.com.ng/mein-emmental/,1,0,1,1,1,1,0,-1,1,0,1,1,-1,0,-1,0,0,1,-1,0,0,0,0,1,1,0,0,1,-1,1,-1
http://tr.ee/o5ac4yG32F,1,1,1,1,1,1,1,-1,-1,1,1,1,-1,1,-1,1,1,1,0,1,1,1,1,-1,-1,0,0,1,-1,1,-1
http://trakkascreenprints.com.au/wp-content/2026_Q1_Accounting_Reconciliation/download,1,-1,1,1,1,1,0,-1,-1,0,1,1,0,0,0,1,1,1,1,1,1,1,1,-1,-1,0,0,1,1,1,-1
http://vormavi-gld-belquni-c4x2dw98.pages.dev/appeals/submit-appeal-form/return,1,-1,1,1,1,-1,0,-1,-1,-1,1,1,0,-1,1,0,1,1,1,1,1,1,1,-1,-1,0,0,1,0,1,-1
http://tsnhtfsdx.eu.cc/es,1,1,1,1,1,1,0,-1,1,0,1,1,0,0,0,1,1,1,1,1,1,1,1,1,1,0,0,1,1,1,-1
http://vormela-gld-fentora-r4m9hq58.pages.dev/appeals/submit-appeal-form/return,1,-1,1,1,1,-1,0,-1,-1,-1,1,1,0,-1,1,0,1,1,1,1,1,1,1,-1,-1,0,0,1,0,1,-1
http://upelofexzqling-us.godaddysites.com/,1,1,1,1,1,-1,0,-1,1,1,1,1,1,0,1,1,-1,1,1,1,1,1,1,1,1,0,0,1,1,1,-1
http://upholide-nvlrigin.godaddysites.com/,1,1,1,1,1,-1,0,-1,1,1,1,1,1,-1,1,1,-1,1,1,1,1,1,1,1,1,0,0,1,1,1,-1
http://uphloll-xlugnm-io.godaddysites.com/,1,1,1,1,1,-1,0,-1,1,1,1,1,1,0,1,1,-1,1,1,1,1,1,1,1,1,0,0,1,1,1,-1
http://uphoolduslogii.godaddysites.com/,1,1,1,1,1,1,0,-1,1,1,1,1,0,0,1,1,-1,1,1,1,1,1,1,1,1,0,0,1,1,1,-1
http://tur-nnb.global.ssl.fastly.net/index,1,1,1,1,1,-1,-1,-1,1,0,1,1,0,0,0,1,1,1,1,1,1,1,1,1,1,0,0,1,1,1,-1
http://uuploddlygghd.godaddysites.com/,1,1,1,1,1,1,0,-1,1,1,1,1,1,0,1,1,-1,1,1,1,1,1,-1,1,1,0,0,1,0,1,-1
http://varq.org/wp-admin/Serpico_Legal/download.html,1,1,1,1,1,1,0,-1,1,0,1,1,0,0,0,1,1,1,1,1,1,1,1,1,1,0,0,1,1,1,-1
http://vormixa-gld-fentora-r4v6hp35.pages.dev/appeals/submit-appeal-form/return,1,-1,1,1,1,-1,0,-1,-1,-1,1,1,0,-1,1,0,1,1,1,1,1,1,1,-1,-1,0,0,1,0,1,-1
http://vormora-gld-belmita-c3x4hp76.pages.dev/appeals/submit-appeal-form/return,1,-1,1,1,1,-1,0,-1,-1,-1,1,1,0,-1,1,0,1,1,1,1,1,1,1,-1,-1,0,0,1,0,1,-1
http://vormora-gld-fentixa-r1p7dw25.pages.dev/appeals/submit-appeal-form/return,1,-1,1,1,1,-1,0,-1,-1,-1,1,1,0,-1,1,0,1,1,1,1,1,1,1,-1,-1,0,0,1,0,1,-1
http://uuploddlldghu.godaddysites.com/,1,1,1,1,1,1,0,-1,1,1,1,1,1,0,1,1,-1,1,1,1,1,1,-1,1,1,0,0,1,1,1,-1
http://visaxpert.org/wp-content/SECI_Energia/,1,1,1,1,1,1,1,-1,1,0,1,1,0,0,0,1,1,1,1,1,1,1,1,1,1,0,0,1,1,1,-1
http://visaxpert.org/wp-content/Evento_Plus/download.html,1,0,1,1,1,1,0,-1,1,0,1,1,0,0,0,1,1,1,1,1,1,1,1,1,1,0,0,1,1,1,-1
http://virtualansweringservice.com/netsalesrep/,1,1,1,1,1,1,1,-1,1,-1,1,1,0,-1,1,0,1,1,1,1,1,1,1,1,1,0,0,1,0,1,-1
http://warely.sg/remfryer/,1,1,1,1,1,1,1,-1,1,-1,1,1,0,-1,1,0,1,1,1,1,1,1,1,1,1,0,0,1,0,1,-1
http://up-holddlugun.godaddysites.com/,1,1,1,1,1,-1,0,-1,1,1,1,1,1,-1,1,1,-1,1,1,1,1,1,1,1,1,0,0,1,1,1,-1
http://studio10inc.com/health/download.html,1,1,1,1,1,1,0,-1,-1,0,1,1,0,0,0,1,1,1,1,1,1,1,1,-1,-1,0,0,1,1,1,-1
http://votingllobalsprimes.fwh.is/,1,1,1,1,1,1,0,-1,1,0,1,1,-1,0,-1,0,0,1,-1,0,0,0,0,1,1,0,0,1,-1,1,-1
http://www.bqnbsix.rumahsakit.de/,1,1,1,1,1,1,-1,-1,-1,1,1,1,-1,-1,0,0,1,1,1,1,1,1,1,-1,-1,0,0,1,0,1,-1
http://www.amazon-clone-rukhaam.vercel.app/,1,1,1,1,1,-1,-1,-1,-1,0,1,1,-1,0,-1,0,0,1,-1,0,0,0,0,-1,-1,0,0,1,-1,1,-1
http://wingsproducts.com/opay/download.html,1,1,1,1,1,1,0,-1,1,0,1,1,0,0,0,1,1,1,1,1,1,1,1,1,1,0,0,1,1,1,-1
http://votingchoice.ichoose-deal.cfd/,1,1,1,1,1,-1,0,-1,1,0,1,1,0,0,0,1,1,1,1,1,1,1,1,-1,-1,0,0,1,1,1,-1
http://www.armmgos.org/greatlakesbeer,1,1,1,1,1,1,0,-1,1,0,1,1,0,0,0,1,1,1,1,1,1,1,1,1,1,0,0,1,1,1,-1
http://www.deogooddk.net/,1,1,1,1,1,1,0,-1,1,1,1,1,0,0,0,1,1,1,0,1,1,1,1,-1,-1,0,0,1,1,1,-1
http://win-rblox.blogspot.com/,1,1,1,1,1,-1,0,-1,-1,-1,1,1,0,-1,1,1,1,1,1,1,1,1,1,-1,-1,0,0,1,0,1,-1
http://www.ahmedfitness.com.pk/wpo-cache/config/,1,1,1,1,1,1,-1,-1,1,1,1,1,-1,0,-1,1,-1,1,1,1,1,1,1,1,1,0,0,1,-1,1,-1
http://www.bhhgfgf.weebly.com/,1,1,1,1,1,1,-1,-1,1,1,1,1,0,-1,0,0,1,1,0,1,1,1,1,1,1,0,0,1,0,1,-1
http://sprisemunnar.com/readymedspharmacy/download.html,1,0,1,1,1,1,0,-1,1,0,1,1,0,0,0,1,1,1,1,1,1,1,1,1,1,0,0,1,1,1,-1
http://www.netflix-clone-gold-nine.vercel.app/,1,1,1,1,1,-1,-1,-1,-1,0,1,1,-1,0,-1,0,0,1,-1,0,0,0,0,-1,-1,0,0,1,-1,1,-1
http://www.facebook-di.blogspot.com/,1,1,1,1,1,-1,-1,-1,-1,-1,1,1,0,0,1,1,1,1,1,1,1,1,1,-1,-1,0,0,1,1,1,-1
http://www.djflslfjflslfikrorie.blogspot.com/,1,1,1,1,1,1,-1,-1,-1,-1,1,1,1,0,1,1,1,1,1,1,1,1,1,-1,-1,0,0,1,1,1,-1
http://www.facebook-benjamin.blogspot.com/,1,1,1,1,1,-1,-1,-1,-1,-1,1,1,1,-1,1,1,1,1,1,1,1,-1,1,-1,-1,0,0,1,-1,1,-1
http://x4ri3o-m26vjq-z9bf-ptav58.pages.dev/appeals/submit-appeal-form/return,1,-1,1,1,1,-1,0,-1,-1,-1,1,1,0,-1,1,0,1,1,1,1,1,1,1,-1,-1,0,0,1,0,1,-1
http://xelnita-gld-lentora-c1m7hq86.pages.dev/appeals/submit-appeal-form/return,1,-1,1,1,1,-1,0,-1,-1,-1,1,1,0,-1,1,0,1,1,1,1,1,1,1,-1,-1,0,0,1,0,1,-1
http://xelquna-gld-belmora-c5x2hk89.pages.dev/appeals/submit-appeal-form/return,1,-1,1,1,1,-1,0,-1,-1,-1,1,1,0,-1,1,0,1,1,1,1,1,1,1,-1,-1,0,0,1,0,1,-1
http://xelquna-gld-belquza-c5x9hc66.pages.dev/appeals/submit-appeal-form/return,1,-1,1,1,1,-1,0,-1,-1,-1,1,1,0,-1,1,0,1,1,1,1,1,1,1,-1,-1,0,0,1,0,1,-1
http://xelquna-gld-zelmora-c6v3hp91.pages.dev/appeals/submit-appeal-form/return,1,-1,1,1,1,-1,0,-1,-1,-1,1,1,0,-1,1,0,1,1,1,1,1,1,1,-1,-1,0,0,1,0,1,-1
http://xelveta-gld-belquro-c7x5hp40.pages.dev/appeals/submit-appeal-form/return,1,-1,1,1,1,-1,0,-1,-1,-1,1,1,0,-1,1,0,1,1,1,1,1,1,1,-1,-1,0,0,1,0,1,-1
http://xelvora-gld-belquza-c6x2hp78.pages.dev/appeals/submit-appeal-form/return,1,-1,1,1,1,-1,0,-1,-1,-1,1,1,0,-1,1,0,1,1,1,1,1,1,1,-1,-1,0,0,1,0,1,-1
http://xelzavi-gld-belxora-c2x6hp45.pages.dev/appeals/submit-appeal-form/return,1,-1,1,1,1,-1,0,-1,-1,-1,1,1,0,-1,1,0,1,1,1,1,1,1,1,-1,-1,0,0,1,0,1,-1
http://xelzora-gld-belquro-c9x7dw60.pages.dev/appeals/submit-appeal-form/return,1,-1,1,1,1,-1,0,-1,-1,-1,1,1,0,-1,1,0,1,1,1,1,1,1,1,-1,-1,0,0,1,0,1,-1
http://www.facebookloginss.blogspot.com/,1,1,1,1,1,1,-1,-1,-1,-1,1,1,1,-1,1,1,1,1,1,1,1,-1,-1,-1,-1,0,0,1,-1,1,-1
http://www.facebook-hack-accounts.blogspot.com/,1,1,1,1,1,-1,-1,-1,-1,-1,1,1,0,0,1,1,1,1,1,1,1,1,1,-1,-1,0,0,1,1,1,-1
http://www.facebooksecure.blogspot.com/,1,1,1,1,1,1,-1,-1,-1,-1,1,1,0,-1,1,1,1,1,1,1,1,1,1,-1,-1,0,0,1,0,1,-1
http://tvshowhosting.unaux.com/,1,1,1,1,1,1,0,-1,1,0,1,1,-1,0,-1,0,0,1,-1,0,0,0,0,1,1,0,0,1,-1,1,-1
http://xelzora-gld-lentora-c1x2dk87.pages.dev/appeals/submit-appeal-form/return,1,-1,1,1,1,-1,0,-1,-1,-1,1,1,0,-1,1,0,1,1,1,1,1,1,1,-1,-1,0,0,1,0,1,-1
http://xelzora-gld-belxemi-c2x3hp92.pages.dev/appeals/submit-appeal-form/return,1,-1,1,1,1,-1,0,-1,-1,-1,1,1,0,-1,1,0,1,1,1,1,1,1,1,-1,-1,0,0,1,0,1,-1
http://ycnxuf-jug-ak4-g0npqm-21fa8y.pages.dev/appeals/submit-appeal-form/return,1,-1,1,1,1,-1,0,-1,-1,-1,1,1,0,-1,1,0,1,1,1,1,1,1,1,-1,-1,0,0,1,0,1,-1
http://www.satvikfoodandbeverages.com/mcarrlaw/download.html,1,0,1,1,1,1,-1,-1,1,0,1,1,-1,0,-1,0,0,1,-1,0,0,0,0,1,1,0,0,1,-1,1,-1
http://yftp-cx1ewi-pe9-4the-xwf2sg.pages.dev/appeals/submit-appeal-form/return,1,-1,1,1,1,-1,0,-1,-1,-1,1,1,0,-1,1,0,1,1,1,1,1,1,1,-1,-1,0,0,1,0,1,-1
http://ylhrii-7shvr3-pdzmo-2gv-cz1y.pages.dev/appeals/submit-appeal-form/return,1,-1,1,1,1,-1,0,-1,-1,-1,1,1,0,-1,1,0,1,1,1,1,1,1,1,-1,-1,0,0,1,0,1,-1
http://www.free1instagramfollowers.blogspot.com/,1,1,1,1,1,1,-1,-1,-1,-1,1,1,1,-1,1,1,1,1,1,1,1,1,1,-1,-1,0,0,1,0,1,-1
http://www.strewbia.com/fiabila_invoice/download.html,1,1,1,1,1,1,-1,-1,1,0,1,1,0,0,0,1,1,1,1,1,1,1,1,1,1,0,0,1,1,1,-1
http://vevicced.ct.ws/,1,1,1,1,1,1,0,-1,-1,0,1,1,-1,0,-1,0,0,1,-1,0,0,0,0,-1,-1,0,0,1,-1,1,-1
http://zjstr5bpzgobk-qcfzk98plsi-3e4f7a-fyn2c.pages.dev/appeals/submit-appeal-form/return,1,-1,1,1,1,-1,0,-1,-1,-1,1,1,0,-1,1,0,1,1,1,1,1,1,1,-1,-1,0,0,1,0,1,-1
http://zyq-ri6yyz-lg0b2n-rhgjv-v9k9.pages.dev/appeals/submit-appeal-form/return,1,-1,1,1,1,-1,0,-1,-1,-1,1,1,0,-1,1,0,1,1,1,1,1,1,1,-1,-1,0,0,1,0,1,-1
https://365365y.app/,1,1,1,1,1,1,1,1,-1,-1,1,1,1,0,1,1,1,1,1,1,1,1,1,-1,-1,0,0,1,1,1,-1
http://vonxypod.unaux.com/,1,1,1,1,1,1,0,-1,1,0,1,1,-1,0,-1,0,0,1,-1,0,0,0,0,1,1,0,0,1,-1,1,-1
http://www.instagramlogin24.blogspot.com/,1,1,1,1,1,1,-1,-1,-1,-1,1,1,0,-1,1,0,1,1,1,1,1,1,1,-1,-1,0,0,1,-1,1,-1
http://zioncreationcheongsam.shop/hopeservices4u/,1,1,1,1,1,1,1,-1,-1,1,1,1,-1,1,-1,1,1,1,1,1,1,1,1,-1,-1,0,0,1,-1,1,-1
http://wattever.com/klenzac/download.html,1,1,1,1,1,1,0,-1,-1,0,1,1,0,0,0,1,1,1,1,1,1,1,1,-1,-1,0,0,1,1,1,-1
"http://therightflight.org/wp-content/MORSCO,_Inc/download.html",1,0,1,1,1,1,0,-1,-1,0,1,1,-1,0,-1,0,0,1,-1,0,0,0,0,-1,-1,0,0,1,-1,1,-1
http://yadacorp.tv/AMber/,1,1,1,1,1,1,1,-1,1,1,1,1,-1,1,-1,1,1,1,1,1,1,1,1,1,1,0,0,1,0,1,-1
http://zepodcen.fwh.is/,1,1,1,1,1,1,0,-1,1,0,1,1,-1,0,-1,0,0,1,-1,0,0,0,0,1,1,0,0,1,-1,1,-1
http://younv.com.br/vfb/,1,1,1,1,1,1,0,-1,1,0,1,1,0,0,0,1,1,1,1,1,1,1,1,1,1,0,0,1,1,1,-1
http://www.win-rblox.blogspot.com/?m=1,1,1,1,1,1,-1,-1,-1,-1,-1,1,1,0,-1,1,1,1,1,1,1,1,1,1,-1,-1,0,0,1,0,1,-1
http://voxnypod.unaux.com/,1,1,1,1,1,1,0,-1,1,0,1,1,-1,0,-1,0,0,1,-1,0,0,0,0,1,1,0,0,1,-1,1,-1
http://zoom-webinar.vu/_wildcard_.zoom-webinar.vu/adobe/download.html,1,0,1,1,1,-1,-1,-1,1,-1,1,1,0,-1,1,0,1,1,1,1,1,1,1,-1,-1,0,0,1,0,1,-1
http://www.teyhgdghdd.weebly.com/,1,1,1,1,1,1,-1,-1,1,1,1,1,0,-1,0,0,1,1,0,1,1,1,1,1,1,0,0,1,0,1,-1
http://waveformpod.unaux.com/,1,1,1,1,1,1,0,-1,1,0,1,1,-1,0,-1,0,0,1,-1,0,0,0,0,1,1,0,0,1,-1,1,-1
https://2026-07-25.urldance.com/us?howtosuecslplasma.org#nolanguage,1,0,1,1,1,-1,-1,1,1,1,1,1,-1,-1,0,1,1,1,1,1,1,-1,1,1,1,0,0,1,0,1,-1
https://aeon.aymmejx.cn/efa0jdtdv1,1,1,1,1,1,1,0,1,1,0,1,1,-1,0,-1,0,0,1,-1,0,0,0,0,1,1,0,0,1,-1,1,-1
https://admiinaa.weebly.com/,1,1,1,1,1,1,0,1,1,-1,1,1,1,-1,0,1,1,1,1,1,1,1,1,1,1,0,0,1,0,1,-1
https://andreaguarino1989.vercel.app/profile,1,1,1,1,1,1,0,1,-1,0,1,1,0,0,0,1,1,1,1,1,1,1,1,-1,-1,0,0,1,1,1,-1
https://andruweir.vercel.app/profile,1,1,1,1,1,1,0,1,-1,0,1,1,0,0,0,1,1,1,1,1,1,1,1,-1,-1,0,0,1,1,1,-1
http://zemevim.com/,1,1,1,1,1,1,1,-1,1,0,1,1,-1,0,-1,0,0,1,-1,0,0,0,0,-1,-1,0,0,1,-1,1,-1
https://airt.com.br/pdf/Windows/checking.php,1,1,1,1,1,1,-1,1,1,0,1,1,0,0,0,1,1,1,1,1,1,1,1,-1,-1,0,0,1,1,1,-1
https://agrogugeler.net.br/doc/download.html,1,1,1,1,1,1,-1,1,1,0,1,1,0,0,0,1,1,1,1,1,1,1,1,1,1,0,0,1,1,1,-1
https://aligma.sbs/offer/,1,1,1,1,1,1,1,1,1,0,1,1,0,0,-1,1,1,1,1,1,1,1,1,-1,-1,0,0,1,1,1,-1
https://aidlifempowerment.com/r/irstranscripviewer/,1,1,1,1,1,1,1,1,1,0,1,1,0,0,0,1,1,1,1,1,1,1,1,1,1,0,0,1,1,1,-1
https://aidlifempowerment.com/r/irstranscripviewer/ScreenConnect.ClientSetup.msi,1,-1,1,1,1,1,-1,1,1,0,1,1,0,0,0,1,1,1,1,1,1,1,1,1,1,0,0,1,1,1,-1
https://awasqahandbags.com/alfredoins/,1,1,1,1,1,1,1,1,1,-1,1,1,0,-1,1,0,1,1,1,1,1,1,1,1,1,0,0,1,0,1,-1
https://arsitisac.com/Billieshepard,1,1,1,1,1,1,1,1,1,0,1,1,0,1,1,1,1,1,1,1,1,1,1,1,1,0,0,1,0,1,-1
http://www.quattroambienti.com/pinnaclesconverting/,1,1,1,1,1,1,0,-1,1,-1,1,1,0,-1,1,0,1,1,1,1,1,1,1,1,1,0,0,1,0,1,-1
https://away.vk.ru/away.php?rh=01c2a0c6-eb38-4a4f-bf7f-ec4693d3800e,1,0,1,1,1,1,-1,1,1,1,1,1,1,-1,1,1,1,1,1,1,1,1,1,1,1,0,0,1,1,1,-1
https://away.vk.ru/away.php?rh=06eaadcf-cc44-48ba-9ac8-88ca6545b790,1,0,1,1,1,1,-1,1,1,1,1,1,1,-1,1,1,1,1,1,1,1,1,1,1,1,0,0,1,1,1,-1
https://away.vk.ru/away.php?rh=138d45dc-35c8-415e-b0ef-ca6a3a818ddb,1,0,1,1,1,1,-1,1,1,1,1,1,1,-1,1,1,1,1,1,1,1,1,1,1,1,0,0,1,1,1,-1
https://away.vk.ru/away.php?rh=12a7db63-acbc-452d-8cad-79d0cd65ab0f,1,0,1,1,1,1,-1,1,1,1,1,1,1,-1,1,1,1,1,1,1,1,1,1,1,1,0,0,1,1,1,-1
https://away.vk.ru/away.php?rh=10a9ccd8-8fc0-4171-b36a-1afe37a69a14,1,0,1,1,1,1,-1,1,1,1,1,1,1,-1,1,1,1,1,1,1,1,1,1,1,1,0,0,1,1,1,-1
https://away.vk.ru/away.php?rh=107bbc7e-7614-4c91-9c8e-54e9f0e8f9c5,1,0,1,1,1,1,-1,1,1,1,1,1,1,-1,1,1,1,1,1,1,1,1,1,1,1,0,0,1,1,1,-1
http://zippotehran.com/adobe/,1,1,1,1,1,1,1,-1,1,1,1,1,-1,0,-1,1,-1,1,1,1,1,1,1,1,1,0,0,1,-1,1,-1
https://away.vk.ru/away.php?rh=179e456d-6f28-44fd-90c2-cac88185348b,1,0,1,1,1,1,-1,1,1,1,1,1,1,-1,1,1,1,1,1,1,1,1,1,1,1,0,0,1,1,1,-1
https://asphaltunlimited.com/Millersexpress/,1,1,1,1,1,1,1,1,1,0,1,1,0,0,0,1,1,1,1,1,1,1,1,1,1,0,0,1,1,1,-1
https://away.vk.ru/away.php?rh=17ef7243-bffb-4a7b-b5c2-2171c14fcda1,1,0,1,1,1,1,-1,1,1,1,1,1,1,-1,1,1,1,1,1,1,1,1,1,1,1,0,0,1,1,1,-1
https://away.vk.ru/away.php?rh=1e6685e8-66ce-4369-845c-f28c5d13464b,1,0,1,1,1,1,-1,1,1,1,1,1,1,-1,1,1,1,1,1,1,1,1,1,1,1,0,0,1,1,1,-1
https://away.vk.ru/away.php?rh=274510bd-11f1-4823-b305-b835f110e1f9,1,0,1,1,1,1,-1,1,1,1,1,1,1,-1,1,1,1,1,1,1,1,1,1,1,1,0,0,1,1,1,-1
https://away.vk.ru/away.php?rh=2d2ae27d-7c3a-45fa-a529-92f80c753e83,1,0,1,1,1,1,-1,1,1,1,1,1,1,-1,1,1,1,1,1,1,1,1,1,1,1,0,0,1,1,1,-1
https://away.vk.ru/away.php?rh=19ffedb0-e21c-4614-8b82-e5c5bae113c2,1,0,1,1,1,1,-1,1,1,1,1,1,1,-1,1,1,1,1,1,1,1,1,1,1,1,0,0,1,1,1,-1
https://away.vk.ru/away.php?rh=220d9ac1-5584-4e66-8e8e-ce84d29a2741,1,0,1,1,1,1,-1,1,1,1,1,1,1,-1,1,1,1,1,1,1,1,1,1,1,1,0,0,1,1,1,-1
https://away.vk.ru/away.php?rh=67c95e43-4626-491a-af0d-1138869f8af0,1,0,1,1,1,1,-1,1,1,1,1,1,1,-1,1,1,1,1,1,1,1,1,1,1,1,0,0,1,1,1,-1
https://away.vk.ru/away.php?rh=3985d6e0-f65d-43a0-879d-7d8541c48dd8,1,0,1,1,1,1,-1,1,1,1,1,1,1,-1,1,1,1,1,1,1,1,1,1,1,1,0,0,1,1,1,-1
https://away.vk.ru/away.php?rh=27c41f45-fcaa-4cc9-9d02-58c529309a61,1,0,1,1,1,1,-1,1,1,1,1,1,1,-1,1,1,1,1,1,1,1,1,1,1,1,0,0,1,1,1,-1
https://away.vk.ru/away.php?rh=651c2769-68d5-4f45-90b2-f82278fa5fa3,1,0,1,1,1,1,-1,1,1,1,1,1,1,-1,1,1,1,1,1,1,1,1,1,1,1,0,0,1,1,1,-1
https://away.vk.ru/away.php?rh=245781ae-9960-45d1-8ecc-d68aa47aac7e,1,0,1,1,1,1,-1,1,1,1,1,1,1,-1,1,1,1,1,1,1,1,1,1,1,1,0,0,1,1,1,-1
https://away.vk.ru/away.php?rh=25ed2c66-90d4-4ca2-b817-69116f651531,1,0,1,1,1,1,-1,1,1,1,1,1,1,-1,1,1,1,1,1,1,1,1,1,1,1,0,0,1,1,1,-1
https://away.vk.ru/away.php?rh=68eb119a-7d9c-4b5a-96a8-45581506831d,1,0,1,1,1,1,-1,1,1,1,1,1,1,-1,1,1,1,1,1,1,1,1,1,1,1,0,0,1,1,1,-1
https://away.vk.ru/away.php?rh=36d8d861-6b26-4ca8-99d2-01f07f0427ce,1,0,1,1,1,1,-1,1,1,1,1,1,1,-1,1,1,1,1,1,1,1,1,1,1,1,0,0,1,1,1,-1
https://away.vk.ru/away.php?rh=51754242-1328-4ebd-b79b-7c0fd7c9ed87,1,0,1,1,1,1,-1,1,1,1,1,1,1,-1,1,1,1,1,1,1,1,1,1,1,1,0,0,1,1,1,-1
https://away.vk.ru/away.php?rh=37ae79aa-9551-4703-a0c6-e53b3cd1eefd,1,0,1,1,1,1,-1,1,1,1,1,1,1,-1,1,1,1,1,1,1,1,1,1,1,1,0,0,1,1,1,-1
https://away.vk.ru/away.php?rh=4df72286-5f69-4c9a-bd11-4047e9e1edc8,1,0,1,1,1,1,-1,1,1,1,1,1,1,-1,1,1,1,1,1,1,1,1,1,1,1,0,0,1,1,1,-1
https://away.vk.ru/away.php?rh=68ff7e36-177f-4449-95dd-08242c22e6b3,1,0,1,1,1,1,-1,1,1,1,1,1,1,-1,1,1,1,1,1,1,1,1,1,1,1,0,0,1,1,1,-1
https://away.vk.ru/away.php?rh=766f6f1f-40d6-480e-9f63-c4f27f5f7307,1,0,1,1,1,1,-1,1,1,1,1,1,1,-1,1,1,1,1,1,1,1,1,1,1,1,0,0,1,1,1,-1
https://away.vk.ru/away.php?rh=3a045b5d-6079-4f97-8140-2f859f1959f6,1,0,1,1,1,1,-1,1,1,1,1,1,1,-1,1,1,1,1,1,1,1,1,1,1,1,0,0,1,1,1,-1
https://away.vk.ru/away.php?rh=6e416f62-74e6-4417-a9a5-ef39d2b88ed7,1,0,1,1,1,1,-1,1,1,1,1,1,1,-1,1,1,1,1,1,1,1,1,1,1,1,0,0,1,1,1,-1
https://away.vk.ru/away.php?rh=4382e737-7088-43b4-be82-83ed569dd552,1,0,1,1,1,1,-1,1,1,1,1,1,1,-1,1,1,1,1,1,1,1,1,1,1,1,0,0,1,1,1,-1
https://away.vk.ru/away.php?rh=8635e19c-bccf-4ed7-90d6-0103f886b897,1,0,1,1,1,1,-1,1,1,1,1,1,1,-1,1,1,1,1,1,1,1,1,1,1,1,0,0,1,1,1,-1
https://away.vk.ru/away.php?rh=365f984b-150c-4efd-a54a-4c994a3bd4e2,1,0,1,1,1,1,-1,1,1,1,1,1,1,-1,1,1,1,1,1,1,1,1,1,1,1,0,0,1,1,1,-1
https://away.vk.ru/away.php?rh=87f7e1d5-0246-4a66-b472-7ad88593ea96,1,0,1,1,1,1,-1,1,1,1,1,1,1,-1,1,1,1,1,1,1,1,1,1,1,1,0,0,1,1,1,-1
https://away.vk.ru/away.php?rh=5e0bb522-b3d5-4cc4-8424-3fd7907e6128,1,0,1,1,1,1,-1,1,1,1,1,1,1,-1,1,1,1,1,1,1,1,1,1,1,1,0,0,1,1,1,-1
https://away.vk.ru/away.php?rh=8c231d28-e823-4c64-bd5a-f9b16cd79b6f,1,0,1,1,1,1,-1,1,1,1,1,1,1,-1,1,1,1,1,1,1,1,1,1,1,1,0,0,1,1,1,-1
https://away.vk.ru/away.php?rh=7385006d-4795-4d25-8e51-de25662cd912,1,0,1,1,1,1,-1,1,1,1,1,1,1,-1,1,1,1,1,1,1,1,1,1,1,1,0,0,1,1,1,-1
https://away.vk.ru/away.php?rh=7a5bfd38-d639-4b17-908a-90c23c3bc640,1,0,1,1,1,1,-1,1,1,1,1,1,1,-1,1,1,1,1,1,1,1,1,1,1,1,0,0,1,1,1,-1
https://away.vk.ru/away.php?rh=784bd7c4-ee27-4e7a-bf3d-2a0e091c3e87,1,0,1,1,1,1,-1,1,1,1,1,1,1,-1,1,1,1,1,1,1,1,1,1,1,1,0,0,1,1,1,-1
https://away.vk.ru/away.php?rh=96ed793a-67fb-4471-8652-e70c09e75627,1,0,1,1,1,1,-1,1,1,1,1,1,1,-1,1,1,1,1,1,1,1,1,1,1,1,0,0,1,1,1,-1
https://away.vk.ru/away.php?rh=9baf29f2-b1bd-4b0e-8294-5f379d6b2590,1,0,1,1,1,1,-1,1,1,1,1,1,1,-1,1,1,1,1,1,1,1,1,1,1,1,0,0,1,1,1,-1
https://away.vk.ru/away.php?rh=98d4a1f0-22f0-4700-897c-2edaf652260a,1,0,1,1,1,1,-1,1,1,1,1,1,1,-1,1,1,1,1,1,1,1,1,1,1,1,0,0,1,1,1,-1
https://away.vk.ru/away.php?rh=7b66a305-463e-4435-9c10-f0acf858cccd,1,0,1,1,1,1,-1,1,1,1,1,1,1,-1,1,1,1,1,1,1,1,1,1,1,1,0,0,1,1,1,-1
https://away.vk.ru/away.php?rh=808d7736-c079-4c18-94bf-5cd515082562,1,0,1,1,1,1,-1,1,1,1,1,1,1,-1,1,1,1,1,1,1,1,1,1,1,1,0,0,1,1,1,-1
https://away.vk.ru/away.php?rh=9f236384-b9be-4eb1-9246-9f599552fa7b,1,0,1,1,1,1,-1,1,1,1,1,1,1,-1,1,1,1,1,1,1,1,1,1,1,1,0,0,1,1,1,-1
https://away.vk.ru/away.php?rh=6ce50982-d302-4b73-a000-39915a9e05e9,1,0,1,1,1,1,-1,1,1,1,1,1,1,-1,1,1,1,1,1,1,1,1,1,1,1,0,0,1,1,1,-1
https://ameli-securite-sociale.com/login_up.php,1,1,1,1,1,-1,0,1,1,0,1,1,-1,0,-1,0,0,1,-1,0,0,0,0,-1,-1,0,0,1,-1,1,-1
https://away.vk.ru/away.php?rh=ab38a04f-d993-4ed4-90b1-7cc8e084cec4,1,0,1,1,1,1,-1,1,1,1,1,1,1,-1,1,1,1,1,1,1,1,1,1,1,1,0,0,1,1,1,-1
https://away.vk.ru/away.php?rh=ad986a67-195d-42fb-97ac-81b40c7a96b6,1,0,1,1,1,1,-1,1,1,1,1,1,1,-1,1,1,1,1,1,1,1,1,1,1,1,0,0,1,1,1,-1
https://away.vk.ru/away.php?rh=af9441ea-d583-40a7-a03f-55a6da02d644,1,0,1,1,1,1,-1,1,1,1,1,1,1,-1,1,1,1,1,1,1,1,1,1,1,1,0,0,1,1,1,-1
https://away.vk.ru/away.php?rh=7b12e1e9-ad92-464a-8f16-f910fc8f9ce0,1,0,1,1,1,1,-1,1,1,1,1,1,1,-1,1,1,1,1,1,1,1,1,1,1,1,0,0,1,1,1,-1
https://away.vk.ru/away.php?rh=b6fc33e4-c9cd-4031-953c-9ee368ffe986,1,0,1,1,1,1,-1,1,1,1,1,1,1,-1,1,1,1,1,1,1,1,1,1,1,1,0,0,1,1,1,-1
https://away.vk.ru/away.php?rh=b1a5c3bd-3b4e-47c0-8840-482517bc78cf,1,0,1,1,1,1,-1,1,1,1,1,1,1,-1,1,1,1,1,1,1,1,1,1,1,1,0,0,1,1,1,-1
https://away.vk.ru/away.php?rh=a1d04b0d-a7fe-4d89-b484-9c7b43e27413,1,0,1,1,1,1,-1,1,1,1,1,1,1,-1,1,1,1,1,1,1,1,1,1,1,1,0,0,1,1,1,-1
https://away.vk.ru/away.php?rh=b6e4f6b9-e78b-4683-9c23-712dbad4e8a8,1,0,1,1,1,1,-1,1,1,1,1,1,1,-1,1,1,1,1,1,1,1,1,1,1,1,0,0,1,1,1,-1
https://away.vk.ru/away.php?rh=b3ce485f-bb36-496c-a4dd-cc99d8a5afab,1,0,1,1,1,1,-1,1,1,1,1,1,1,-1,1,1,1,1,1,1,1,1,1,1,1,0,0,1,1,1,-1
https://away.vk.ru/away.php?rh=b7207582-6cac-4694-a5b1-ff7850df9000,1,0,1,1,1,1,-1,1,1,1,1,1,1,-1,1,1,1,1,1,1,1,1,1,1,1,0,0,1,1,1,-1
https://away.vk.ru/away.php?rh=bec8c40b-9e81-4c2a-b3fc-83e2bc4c1ad1,1,0,1,1,1,1,-1,1,1,1,1,1,1,-1,1,1,1,1,1,1,1,1,1,1,1,0,0,1,1,1,-1
https://away.vk.ru/away.php?rh=b92c381d-034c-41b2-aa85-086130777128,1,0,1,1,1,1,-1,1,1,1,1,1,1,-1,1,1,1,1,1,1,1,1,1,1,1,0,0,1,1,1,-1
https://allegrolokalnie.pl/o/oferta/Samsung-S...,1,1,1,1,1,1,-1,1,1,0,1,1,-1,0,-1,0,0,1,-1,0,0,0,0,1,1,0,0,1,-1,1,-1
https://away.vk.ru/away.php?rh=b8035385-c705-4474-8a59-4553aa79f376,1,0,1,1,1,1,-1,1,1,1,1,1,1,-1,1,1,1,1,1,1,1,1,1,1,1,0,0,1,1,1,-1
https://away.vk.ru/away.php?rh=77de2986-a4b4-48db-a53e-6061a0b9e285,1,0,1,1,1,1,-1,1,1,1,1,1,1,-1,1,1,1,1,1,1,1,1,1,1,1,0,0,1,1,1,-1
https://away.vk.ru/away.php?rh=a5c753c2-3b86-4a94-947a-f61251e332b6,1,0,1,1,1,1,-1,1,1,1,1,1,1,-1,1,1,1,1,1,1,1,1,1,1,1,0,0,1,1,1,-1
https://away.vk.ru/away.php?rh=a9e94420-4540-48ee-b05e-f63b01afd30e,1,0,1,1,1,1,-1,1,1,1,1,1,1,-1,1,1,1,1,1,1,1,1,1,1,1,0,0,1,1,1,-1
https://away.vk.ru/away.php?rh=d679bc7d-ddaa-437a-a4fb-5f0071055dba,1,0,1,1,1,1,-1,1,1,1,1,1,1,-1,1,1,1,1,1,1,1,1,1,1,1,0,0,1,1,1,-1
https://away.vk.ru/away.php?rh=d050997a-1aae-4942-bb9d-dd36ca10d612,1,0,1,1,1,1,-1,1,1,1,1,1,1,-1,1,1,1,1,1,1,1,1,1,1,1,0,0,1,1,1,-1
https://away.vk.ru/away.php?rh=e29ed00b-cde2-4853-9d0f-41ea16cd0e0f,1,0,1,1,1,1,-1,1,1,1,1,1,1,-1,1,1,1,1,1,1,1,1,1,1,1,0,0,1,1,1,-1
https://away.vk.ru/away.php?rh=d40216cf-7941-4af7-90d4-be44537db029,1,0,1,1,1,1,-1,1,1,1,1,1,1,-1,1,1,1,1,1,1,1,1,1,1,1,0,0,1,1,1,-1
https://away.vk.ru/away.php?rh=c315936b-01e9-4353-987e-2217d44c05e3,1,0,1,1,1,1,-1,1,1,1,1,1,1,-1,1,1,1,1,1,1,1,1,1,1,1,0,0,1,1,1,-1
https://away.vk.ru/away.php?rh=edc3ad87-6928-4b4c-8ec7-329b738a7a70,1,0,1,1,1,1,-1,1,1,1,1,1,1,-1,1,1,1,1,1,1,1,1,1,1,1,0,0,1,1,1,-1
https://away.vk.ru/away.php?rh=c32cce20-6992-4f58-a2c1-e3d1a46802b5,1,0,1,1,1,1,-1,1,1,1,1,1,1,-1,1,1,1,1,1,1,1,1,1,1,1,0,0,1,1,1,-1
https://away.vk.ru/away.php?rh=dfa67676-c397-4e9b-ac7e-ddc924801c8a,1,0,1,1,1,1,-1,1,1,1,1,1,1,-1,1,1,1,1,1,1,1,1,1,1,1,0,0,1,1,1,-1
https://away.vk.ru/away.php?rh=d5ca2023-13c7-487b-963c-ec3fd23ed250,1,0,1,1,1,1,-1,1,1,1,1,1,1,-1,1,1,1,1,1,1,1,1,1,1,1,0,0,1,1,1,-1
https://away.vk.ru/away.php?rh=f67e989a-298a-4990-928c-e2796751465d,1,0,1,1,1,1,-1,1,1,1,1,1,1,-1,1,1,1,1,1,1,1,1,1,1,1,0,0,1,1,1,-1
https://away.vk.ru/away.php?rh=ccf5b582-be00-4666-9d3e-71ad90088910,1,0,1,1,1,1,-1,1,1,1,1,1,1,-1,1,1,1,1,1,1,1,1,1,1,1,0,0,1,1,1,-1
https://away.vk.ru/away.php?rh=d8a12743-9761-48e6-ba2a-3fe523581457,1,0,1,1,1,1,-1,1,1,1,1,1,1,-1,1,1,1,1,1,1,1,1,1,1,1,0,0,1,1,1,-1
https://away.vk.ru/away.php?rh=d05791b7-da03-4f17-b759-27499c33e9af,1,0,1,1,1,1,-1,1,1,1,1,1,1,-1,1,1,1,1,1,1,1,1,1,1,1,0,0,1,1,1,-1
https://cbdsh11lkwg-gfnzpplx-3a5d4e-cbd77w.pages.dev/welcome_aboard?welcome=1000045790640960&token248=1000045790640960&name_token136=626%20Night%20Market%20-%20Bay%20Area,1,-1,1,1,1,-1,0,1,-1,1,1,1,0,0,0,1,1,1,1,1,1,1,1,-1,-1,0,0,1,1,1,-1
https://away.vk.ru/away.php?rh=f61bf727-6a34-495c-8c76-a125c405cc8f,1,0,1,1,1,1,-1,1,1,1,1,1,1,-1,1,1,1,1,1,1,1,1,1,1,1,0,0,1,1,1,-1
https://away.vk.ru/away.php?rh=ca1b826d-370d-4276-9dce-3ce10e1aa028,1,0,1,1,1,1,-1,1,1,1,1,1,1,-1,1,1,1,1,1,1,1,1,1,1,1,0,0,1,1,1,-1
https://away.vk.ru/away.php?rh=f368c34b-f5f7-4427-ac95-ca647c8ece19,1,0,1,1,1,1,-1,1,1,1,1,1,1,-1,1,1,1,1,1,1,1,1,1,1,1,0,0,1,1,1,-1
https://away.vk.ru/away.php?rh=f7c7d197-d849-40eb-bf8b-8d4fdb4569e1,1,0,1,1,1,1,-1,1,1,1,1,1,1,-1,1,1,1,1,1,1,1,1,1,1,1,0,0,1,1,1,-1
https://away.vk.ru/away.php?rh=fcc1bcbe-6153-4c3e-b12a-362c7e17bf36,1,0,1,1,1,1,-1,1,1,1,1,1,1,-1,1,1,1,1,1,1,1,1,1,1,1,0,0,1,1,1,-1
https://bcrpmcrs.vercel.app/?gad_source=1&amp;gad_campaignid=22820087684&amp;gbraid=0AAAABArzv3zqCL0idzkCLbzis9U0KbviC,1,-1,1,1,1,1,0,1,-1,0,1,1,0,0,0,1,1,1,1,1,1,1,1,-1,-1,0,0,1,1,1,-1
https://away.vk.ru/away.php?rh=f8025ee8-3ae0-4292-97ff-4ba82e79ffef,1,0,1,1,1,1,-1,1,1,1,1,1,1,-1,1,1,1,1,1,1,1,1,1,1,1,0,0,1,1,1,-1
https://azam-crush.github.io/subhan/,1,1,1,1,1,-1,0,1,-1,-1,1,1,1,-1,1,1,1,1,1,1,1,1,1,-1,-1,0,0,1,-1,1,-1
https://away.vk.ru/away.php?rh=c92f7c8c-4c22-45b5-90ae-855196bb6030,1,0,1,1,1,1,-1,1,1,1,1,1,1,-1,1,1,1,1,1,1,1,1,1,1,1,0,0,1,1,1,-1
https://away.vk.ru/away.php?rh=fd9d9fbb-31e1-4d5f-9467-fecdcb5c67a9,1,0,1,1,1,1,-1,1,1,1,1,1,1,-1,1,1,1,1,1,1,1,1,1,1,1,0,0,1,1,1,-1
https://celinevds.be/winn/download.html,1,1,1,1,1,1,0,1,-1,1,1,1,1,-1,0,1,-1,1,1,1,1,1,1,1,1,0,0,1,-1,1,-1
https://diadasmaes-belezanaweb.vercel.app/?fbclid=IwZXh0bgNhZW0CMTEAc3...,1,0,1,1,1,-1,-1,1,-1,0,1,1,0,0,0,1,1,1,1,1,1,1,1,-1,-1,0,0,1,1,1,-1
https://diadasmaes-belezanaweb.vercel.app/?fbclid=IwZXh0bgNhZW0CMTEAc3J0YwZhcHBfaWQMMjU2MjgxMDQwNTU4AAEeQh7XihgVoWsvcSkK75jAqmWswgMca5n9KEDk9jtgEBGQdVwJluPp3QbWslk_aem_5CulExurOdyY4VEKUAtnng,1,-1,1,1,1,-1,0,1,-1,0,1,1,0,0,0,1,1,1,1,1,1,1,1,-1,-1,0,0,1,1,1,-1
https://away.vk.ru/away.php?rh=f92d24d1-c5f4-4a63-91d6-9560401e2fb8,1,0,1,1,1,1,-1,1,1,1,1,1,1,-1,1,1,1,1,1,1,1,1,1,1,1,0,0,1,1,1,-1
https://cliponet.net.pe/vqmod/,1,1,1,1,1,1,0,1,-1,0,1,1,0,0,0,1,1,1,1,1,1,1,1,-1,-1,0,0,1,1,1,-1
https://b8376mghi5d.jp.larksuite.com/share/base/form/shrjpMwk5KEz3wmsdPQjPPcLjqh?auth_token=U7CK1RF-68bk15de-1762-4da6-8993-712dd6gtvf3i-NN5W4,1,-1,1,1,1,1,-1,1,1,-1,1,1,0,0,1,1,1,1,1,1,1,1,1,1,1,0,0,1,1,1,-1
https://biovetaquad.com/zoomersrv/download.html,1,1,1,1,1,1,0,1,1,1,1,1,-1,-1,-1,0,1,1,1,1,1,1,1,1,1,0,0,1,-1,1,-1
https://b8376mghi5d.jp.larksuite.com/share/base/form/shrjpMwk5KEz3wmsdPQjPPcLjqh?auth_token=U7CK1RF-e14v8d88-ee23-47d9-acc8-5ef29elpka3t-NN5W4,1,-1,1,1,1,1,-1,1,1,-1,1,1,0,0,1,1,1,1,1,1,1,1,1,1,1,0,0,1,1,1,-1
https://centvote.org/,1,1,1,1,1,1,1,1,1,1,1,1,0,0,0,1,1,1,1,1,1,1,1,-1,-1,0,0,1,1,1,-1
https://daniel-spk.github.io/SPOTIFY/,1,1,1,1,1,-1,0,1,-1,-1,1,1,1,-1,1,1,1,1,1,1,1,1,1,-1,-1,0,0,1,-1,1,-1
https://basitgiris2.one/,1,1,1,1,1,1,1,1,1,1,1,1,-1,1,-1,1,1,1,1,1,1,1,1,-1,-1,0,0,1,-1,1,-1
https://b8376mghi5d.jp.larksuite.com/share/base/form/shrjpMwk5KEz3wmsdPQjPPcLjqh?auth_token=U7CK1RF-435t0009-7936-4838-ad56-798340ovm9cu-NN5W4,1,-1,1,1,1,1,-1,1,1,-1,1,1,0,0,1,1,1,1,1,1,1,1,1,1,1,0,0,1,1,1,-1
https://b8376mghi5d.jp.larksuite.com/share/base/form/shrjpMwk5KEz3wmsdPQjPPcLjqh?auth_token=U7CK1RF-9b6i721c-b70d-4a8c-be80-9fb126vtr04p-NN5W4,1,-1,1,1,1,1,-1,1,1,-1,1,1,0,0,1,1,1,1,1,1,1,1,1,1,1,0,0,1,1,1,-1
https://b8376mghi5d.jp.larksuite.com/share/base/form/shrjpMwk5KEz3wmsdPQjPPcLjqh?auth_token=U7CK1RF-41fh6fe9-9478-47b5-bd6c-72d689koqafp-NN5W4,1,-1,1,1,1,1,-1,1,1,-1,1,1,0,0,1,1,1,1,1,1,1,1,1,1,1,0,0,1,1,1,-1
https://dcsafrica.kebabiya.top/kshg9m/,1,1,1,1,1,1,0,1,1,0,1,1,0,0,0,1,1,1,1,1,1,1,1,1,1,0,0,1,1,1,-1
https://cn.mpmxzu.com/home/register?code=49438,1,1,1,1,1,1,0,1,1,-1,1,1,1,0,1,1,1,1,1,1,1,1,1,1,1,0,0,1,1,1,-1
https://drfarzanamatin.com/wp-includes/coge,1,1,1,1,1,1,1,1,1,0,1,1,0,0,0,1,1,1,1,1,1,1,1,1,1,0,0,1,1,1,-1
https://epasacv.com/lindex.php,1,1,1,1,1,1,0,1,1,0,1,1,0,0,0,1,1,1,1,1,1,1,1,1,1,0,0,1,1,1,-1
https://ersfilter-my.sharepoint.com/personal/nradonich_ersfilter_com/_layouts/15/doc.aspx?guestaccesstoken=t6T%2FHN1dKbYHlYX%2BeIMbaZufA43rrGZ6%2FaAAewNocDI%3D&docid=1_18168db23429e45f29fdf2e7be120efc4&wdFormId=%7BB9970F62-44C3-4D09-9929-6E1EB652DA57%7D&action=formsubmit&CID=057e1d9d-4417-40f5-bf5a-c6525fc142c4,1,-1,1,1,1,-1,-1,1,1,1,1,1,0,-1,0,0,1,1,1,1,1,1,1,1,1,0,0,1,0,1,-1
https://ersfilter-my.sharepoint.com/personal/nradonich_ersfilter_com/_layouts/15/doc.aspx?guestaccesstoken=t6T%2FHN1dKbYHlYX%2BeIMbaZufA43rrGZ6%2FaAAewNocDI%3D&docid=1_18168db23429e45f29fdf2e7be120efc4&wdFormId=%7BB9970F62-44C3-4D09-9929-6E1EB652DA57%7D&action=formsubmit&CID=7fd927e4-e9cb-4bab-8937-aa0c805213ff,1,-1,1,1,1,-1,-1,1,1,1,1,1,0,-1,0,0,1,1,1,1,1,1,1,1,1,0,0,1,0,1,-1
https://eleamannheimer.systeme.io/,1,1,1,1,1,1,0,1,1,0,1,1,0,0,0,1,1,1,1,1,1,1,1,1,1,0,0,1,1,1,-1
https://ersfilter-my.sharepoint.com/personal/nradonich_ersfilter_com/_layouts/15/doc.aspx?guestaccesstoken=t6T%2FHN1dKbYHlYX%2BeIMbaZufA43rrGZ6%2FaAAewNocDI%3D&docid=1_18168db23429e45f29fdf2e7be120efc4&wdFormId=%7BB9970F62-44C3-4D09-9929-6E1EB652DA57%7D&action=formsubmit&CID=41f094da-d9f5-44b4-9458-cda0c09c5fcf,1,-1,1,1,1,-1,-1,1,1,1,1,1,0,-1,0,0,1,1,1,1,1,1,1,1,1,0,0,1,0,1,-1
https://eu.jotform.com/app/252021976113349,1,1,1,1,1,1,0,1,1,1,1,1,0,0,1,1,1,1,1,1,1,1,1,1,1,0,0,1,1,1,-1
https://elenahurtado.org/?gad_source=1&amp;gad_campaignid=22805427109&amp;gbraid=0AAAABAgGl1Adi5JJZSFzdXrAb-C_JJHFJ&amp;gclid=EAIaIQobChMIlIPI44_UjgMVayvUAR2LYQU8EAMYASAAEgIdqPD_BwE,1,-1,1,1,1,1,1,1,1,0,1,1,0,0,0,1,1,1,1,1,1,1,1,1,1,0,0,1,1,1,-1
https://ersfilter-my.sharepoint.com/personal/nradonich_ersfilter_com/_layouts/15/doc.aspx?guestaccesstoken=t6T%2FHN1dKbYHlYX%2BeIMbaZufA43rrGZ6%2FaAAewNocDI%3D&docid=1_18168db23429e45f29fdf2e7be120efc4&wdFormId=%7BB9970F62-44C3-4D09-9929-6E1EB652DA57%7D&action=formsubmit&CID=06ec7096-95ab-426a-8947-c13c46e3934f,1,-1,1,1,1,-1,-1,1,1,1,1,1,0,-1,0,0,1,1,1,1,1,1,1,1,1,0,0,1,0,1,-1
https://desconnectioneemobile.plutio.com/p/form/JDhdCwMQjpMTtfuiG,1,0,1,1,1,1,0,1,1,1,1,1,0,0,0,1,1,1,1,1,1,1,1,1,1,0,0,1,1,1,-1
https://fiidusservices.com/mid/index.html,1,1,1,1,1,1,0,1,1,0,1,1,0,0,0,1,1,1,1,1,1,1,1,1,1,0,0,1,1,1,-1
https://gag26.netlify.app/,1,1,1,1,1,1,0,1,-1,0,1,1,0,0,0,1,1,1,1,1,1,1,1,-1,-1,0,0,1,1,1,-1
https://green-month-640647.framer.app/,1,1,1,1,1,-1,0,1,-1,1,1,1,1,0,1,1,1,1,1,1,1,1,1,-1,-1,0,0,1,1,1,-1
https://gemnini-login.gitbook.io/sign-up,1,1,1,1,1,-1,0,1,1,1,1,1,-1,-1,1,1,1,1,1,1,1,1,1,1,1,0,0,1,-1,1,-1
https://futbolt.com.ar/resumen-de-lo-que-dejo-la-5ta-fecha-de-la-superliga-juveniles-de-afa/,1,-1,1,1,1,1,0,1,-1,1,1,1,0,0,-1,1,-1,1,1,1,1,1,-1,-1,-1,0,0,1,-1,1,-1
https://facebook-viideos-app-2.blogspot.com/,1,1,1,1,1,-1,0,1,-1,-1,1,1,-1,-1,1,1,1,1,1,1,1,1,1,-1,-1,0,0,1,-1,1,-1
https://facebookverifyyouraccount.blogspot.com/?m=1,1,1,1,1,1,1,0,1,-1,1,1,1,0,0,0,1,1,1,1,1,1,1,1,-1,-1,0,0,1,0,1,-1
https://facebook-loginacc.blogspot.com/?m=1,1,1,1,1,1,-1,0,1,-1,1,1,1,0,-1,0,1,1,1,1,1,1,1,1,-1,-1,0,0,1,0,1,-1
https://guestpod.org/,1,1,1,1,1,1,1,1,1,0,1,1,0,0,0,1,1,1,1,1,1,1,1,-1,-1,0,0,1,1,1,-1
https://facebook-viideos-app-1.blogspot.com/?m=1,1,1,1,1,1,-1,0,1,-1,-1,1,1,1,-1,1,0,1,1,1,1,1,1,1,-1,-1,0,0,1,-1,1,-1
https://gacancersupport.com/cgi-sys/suspendedpage.cgi,1,1,1,1,1,1,0,1,1,0,1,1,-1,0,-1,0,0,1,-1,0,0,0,0,1,1,0,0,1,-1,1,-1
https://elitecharterjets.com/adobe/,1,1,1,1,1,1,1,1,1,1,1,1,-1,0,-1,1,1,1,1,1,1,1,1,1,1,0,0,1,-1,1,-1
https://help-us-secure-web-uphold-login.typedream.app/,1,0,1,1,1,-1,0,1,-1,1,1,1,1,-1,-1,1,1,1,1,1,1,1,1,-1,-1,0,0,1,1,1,-1
https://gobluemediappc.com/,1,1,1,1,1,1,1,1,1,-1,1,1,1,-1,1,1,1,1,1,1,1,1,1,-1,-1,0,0,1,-1,1,-1
https://ersfilter-my.sharepoint.com/personal/nradonich_ersfilter_com/_layouts/15/doc.aspx?guestaccesstoken=t6T%2FHN1dKbYHlYX%2BeIMbaZufA43rrGZ6%2FaAAewNocDI%3D&docid=1_18168db23429e45f29fdf2e7be120efc4&wdFormId=%7BB9970F62-44C3-4D09-9929-6E1EB652DA57%7D&action=formsubmit&CID=812491db-4765-4c07-88f8-02480032f289,1,-1,1,1,1,-1,-1,1,1,1,1,1,0,-1,0,0,1,1,1,1,1,1,1,1,1,0,0,1,0,1,-1
https://inicio-cad.pages.dev/,1,1,1,1,1,-1,0,1,-1,-1,1,1,0,-1,1,0,1,1,1,1,1,1,1,-1,-1,0,0,1,0,1,-1
https://guitar-photograph-maintaining-realized.trycloudflare.com/,1,0,1,1,1,-1,0,1,-1,1,1,1,-1,-1,0,0,1,1,1,1,1,1,1,-1,-1,0,0,1,-1,1,-1
https://ht-links.de/Express/download.html,1,1,1,1,1,-1,0,1,-1,0,1,1,-1,0,0,1,1,1,1,1,1,1,1,-1,-1,0,0,1,1,1,-1
https://g5.lu/wyfb4,1,1,1,1,1,1,1,1,-1,-1,1,1,1,-1,1,1,1,1,1,1,1,1,1,-1,-1,0,0,1,-1,1,-1
https://huzaifafarooqq.github.io/spotify-clone,1,1,1,1,1,1,0,1,-1,1,1,1,1,-1,1,1,1,1,1,1,1,1,1,-1,-1,0,0,1,-1,1,-1
https://gobluemediahub.com/,1,1,1,1,1,1,1,1,1,-1,1,1,1,-1,1,1,1,1,1,1,1,1,1,-1,-1,0,0,1,-1,1,-1
https://id.superhuman.com/signin?oauth_client_type=MEDIATED_WEB&correlation_id=6yFwdvrUwxsOPkzTnkVXEg&version=v4&client_id=superhumanDocs,1,-1,1,1,1,1,0,1,1,1,1,1,0,0,0,1,1,1,1,1,1,1,1,1,1,0,0,1,1,1,-1
https://id.superhuman.com/signin?oauth_client_type=MEDIATED_WEB&correlation_id=MFYx_OyCAfLLaUWKkomSRw&version=v4&client_id=superhumanDocs,1,-1,1,1,1,1,0,1,1,1,1,1,0,0,0,1,1,1,1,1,1,1,1,1,1,0,0,1,1,1,-1
https://gobluemediasub.com/,1,1,1,1,1,1,1,1,1,-1,1,1,1,-1,1,1,1,1,1,1,1,1,1,-1,-1,0,0,1,-1,1,-1
https://id.superhuman.com/signin?oauth_client_type=MEDIATED_WEB&correlation_id=_0LCDMj0n71VXyUpHwuoZw&version=v4&client_id=superhumanDocs,1,-1,1,1,1,1,0,1,1,1,1,1,0,0,0,1,1,1,1,1,1,1,1,1,1,0,0,1,1,1,-1
https://id.superhuman.com/signin?oauth_client_type=MEDIATED_WEB&correlation_id=T8em0867IxJnpATtbziuUw&version=v4&client_id=superhumanDocs,1,-1,1,1,1,1,0,1,1,1,1,1,0,0,0,1,1,1,1,1,1,1,1,1,1,0,0,1,1,1,-1
https://fussschmerzenade.de/Crescenta/,1,1,1,1,1,1,1,1,-1,1,1,1,1,1,0,1,1,1,1,1,1,1,1,-1,-1,0,0,1,-1,1,-1
https://guestvoter.org/,1,1,1,1,1,1,1,1,1,0,1,1,0,0,0,1,1,1,1,1,1,1,1,-1,-1,0,0,1,1,1,-1
https://klmqw4251lk-yhnujpli-8ce96c-klm63c.pages.dev/,1,1,1,1,1,-1,0,1,-1,-1,1,1,0,-1,1,0,1,1,1,1,1,1,1,-1,-1,0,0,1,0,1,-1
https://kit-vichy-dercos.vercel.app/,1,1,1,1,1,-1,0,1,-1,0,1,1,0,0,0,1,1,1,1,1,1,1,1,-1,-1,0,0,1,1,1,-1
https://instagramlogin124.blogspot.com/,1,1,1,1,1,1,0,1,-1,1,1,1,0,-1,0,1,1,1,1,1,1,1,1,-1,-1,0,0,1,-1,1,-1
https://instagramlogin77.blogspot.com/?m=1,1,1,1,1,1,1,0,1,-1,1,1,1,0,-1,0,1,1,1,1,1,1,1,1,-1,-1,0,0,1,-1,1,-1
https://instagramlogin24.blogspot.com/,1,1,1,1,1,1,0,1,-1,1,1,1,0,-1,0,1,1,1,1,1,1,1,1,-1,-1,0,0,1,-1,1,-1
https://facebook-community.blogspot.com/,1,1,1,1,1,-1,0,1,-1,1,1,1,1,0,0,0,1,1,1,1,1,1,-1,-1,-1,0,0,1,-1,1,-1
https://in-sitecreations.com/olx-order/VsxyisyrvX9I962/,1,0,1,1,1,-1,1,1,1,-1,1,1,0,-1,1,1,1,1,1,1,1,1,1,-1,-1,0,0,1,1,1,-1
https://ledger-wallets-auth-edges.vercel.app/ledger%20form/verify.html/,1,0,1,1,1,-1,-1,1,-1,1,1,1,1,0,0,1,1,1,1,1,1,1,1,-1,-1,0,0,1,1,1,-1
https://elatrapanoticias.com/Adobe/download.html,1,1,1,1,1,1,0,1,1,0,1,1,-1,0,-1,0,0,1,-1,0,0,0,0,1,1,0,0,1,-1,1,-1
https://itmaintenance.my/cgi-sys/suspendedpage.cgi,1,1,1,1,1,1,0,1,1,-1,1,1,0,-1,1,1,-1,1,1,1,1,1,1,1,1,0,0,1,0,1,-1
https://gobluemediapro.com/,1,1,1,1,1,1,1,1,1,-1,1,1,1,-1,1,1,1,1,1,1,1,1,1,-1,-1,0,0,1,-1,1,-1
https://lopradodeportes.cl/wp-includes/css/bassam/download.html,1,0,1,1,1,1,0,1,-1,0,1,1,-1,0,-1,0,0,1,-1,0,0,0,0,-1,-1,0,0,1,-1,1,-1
https://instructionalcoaching.us/wp-admin/Law_Office_of_Roxie_W_Cluck/denied.html,1,-1,1,1,1,1,0,1,1,0,1,1,0,0,0,1,1,1,1,1,1,1,1,1,1,0,0,1,1,1,-1
https://instructionalcoaching.us/wp-admin/Law_Office_of_Roxie_W_Cluck/,1,0,1,1,1,1,1,1,1,0,1,1,0,0,0,1,1,1,1,1,1,1,1,1,1,0,0,1,1,1,-1
https://m.ezhj2znh069c.com:9229/account/reg?code=49438,1,0,1,1,1,1,0,1,-1,-1,-1,1,1,0,1,1,1,1,1,1,1,1,1,-1,-1,0,0,1,1,1,-1
https://kigalifinder.com/hopeandhealing/download.html,1,1,1,1,1,1,0,1,1,0,1,1,0,0,0,1,1,1,1,1,1,1,1,1,1,0,0,1,1,1,-1
https://jonily.com/wp-admin/Brookline_Doorworks/,1,1,1,1,1,1,1,1,1,0,1,1,0,0,0,1,1,1,1,1,1,1,1,1,1,0,0,1,1,1,-1
https://jonily.com/wp-admin/Brookline_Doorworks/download.html,1,0,1,1,1,1,0,1,1,0,1,1,0,0,0,1,1,1,1,1,1,1,1,1,1,0,0,1,1,1,-1
https://kinorot.co.il/noblelawfirmpa/,1,1,1,1,1,1,0,1,-1,0,1,1,-1,0,-1,0,0,1,-1,0,0,0,0,-1,-1,0,0,1,-1,1,-1
https://martincristal.com.ar/wp-admin/JCP/download.html,1,0,1,1,1,1,-1,1,1,0,1,1,0,0,0,1,1,1,1,1,1,1,1,1,1,0,0,1,1,1,-1
https://link.sbstck.com/redirect/5d6d9921-f5a1-4e0a-8dfe-4ed971c4e63f?j=eyJ1IjoiNjN0N3pvIn0.ZZkQtj2upFx4LZkZ94QMy_sgeI54JJ2ju954-jA9vtE*userID=ZNU94Q7t,1,-1,1,1,1,1,-1,1,1,1,1,1,0,-1,1,1,1,1,1,1,1,1,1,1,1,0,0,1,-1,1,-1
https://jwforum.net/,1,1,1,1,1,1,1,1,1,1,1,1,-1,0,-1,0,1,1,0,1,1,1,1,1,1,0,0,1,1,1,-1
https://imajinandfusion.com/iafp/download.html,1,1,1,1,1,1,0,1,1,0,1,1,-1,0,-1,0,0,1,-1,0,0,0,0,1,1,0,0,1,-1,1,-1
https://lopradodeportes.cl/wp-includes/css/doc/denied.html,1,0,1,1,1,1,0,1,-1,0,1,1,-1,0,-1,0,0,1,-1,0,0,0,0,-1,-1,0,0,1,-1,1,-1
https://lopradodeportes.cl/wp-includes/css/doc/index.html,1,0,1,1,1,1,0,1,-1,0,1,1,-1,0,-1,0,0,1,-1,0,0,0,0,-1,-1,0,0,1,-1,1,-1
https://letjavinvestments.com/carrie.gomora/download.html,1,0,1,1,1,1,-1,1,1,0,1,1,0,0,0,1,1,1,1,1,1,1,1,1,1,0,0,1,1,1,-1
https://metamask-docs-45ta0ykbu-consensys-ddffed67.vercel.app/,1,0,1,1,1,-1,0,1,-1,1,1,1,-1,-1,0,1,1,1,1,1,1,1,1,-1,-1,0,0,1,-1,1,-1
https://ma.khwgrf.com/2vite/outlook/index.php,1,1,1,1,1,1,-1,1,1,1,1,1,0,-1,-1,1,1,1,1,1,1,1,1,-1,-1,0,0,1,-1,1,-1
https://maxcxis.us.cc/5g,1,1,1,1,1,1,0,1,1,0,1,1,0,0,0,1,1,1,1,1,1,1,1,1,1,0,0,1,1,1,-1
https://mcisxasx.us.cc/5g,1,1,1,1,1,1,0,1,1,0,1,1,0,0,0,1,1,1,1,1,1,1,1,1,1,0,0,1,1,1,-1
https://mes-pk.com/Blacklaw/download.html,1,1,1,1,1,-1,0,1,1,0,1,1,-1,0,-1,0,0,1,-1,0,0,0,0,1,1,0,0,1,-1,1,-1
https://mez.ink/attservicehomeredirect,1,1,1,1,1,1,1,1,1,1,1,1,0,0,0,1,1,1,1,1,1,1,1,1,1,0,0,1,0,1,-1
https://mijn.overheid.nl.berichtenbox.services.l1fffclmubnyik3hvcghy8t5ns5gglvazvz5eems6m1bqdexs8cq.specvin.com/cryptoactiva_opgave_formulier.php?token=aad8397be3678a44cd1148f9e19ccf0b9376a5c48c1503d0a51b59eee0e678324c7bd695639adbeb1e49cf4049bad20bd693044d1b20b29b013a7974cc8b2264a7ba8efad2cb839615b1a0305fc2fa83e3efd61fdad9a472bd3a8def27b3ca12d99312e8,1,-1,1,1,1,1,-1,1,1,0,1,1,-1,0,-1,0,0,1,-1,0,0,0,0,1,1,0,0,1,-1,1,-1
https://maxcxis.us.cc/5g/home.html,1,1,1,1,1,1,-1,1,1,1,1,1,0,-1,0,0,1,1,0,1,1,1,1,1,1,0,0,1,-1,1,-1
https://pafoved.net/cgi-sys/suspendedpage.cgi,1,1,1,1,1,1,0,1,1,-1,1,1,0,-1,1,1,-1,1,1,1,1,1,1,1,1,0,0,1,0,1,-1
https://pageseuc1.actmkt.com/(S(3nh5vswz0ke2arpead2lbrbm))/l/c5X8MfZz6j9Y7Fto3LAd,1,-1,1,1,1,1,0,1,1,1,1,1,0,-1,0,0,1,1,1,1,1,1,1,1,1,0,0,1,0,1,-1
https://pageseuc1.actmkt.com/(S(a51lhylc5rbu1niszjoh3n5s))/l/c5X8MfZz6j9Y7Fto3LAd,1,-1,1,1,1,1,0,1,1,1,1,1,0,-1,0,0,1,1,1,1,1,1,1,1,1,0,0,1,0,1,-1
https://medidenti.com/Adobe.digital.exe/,1,1,1,1,1,1,-1,1,1,1,1,1,-1,1,-1,1,1,1,1,1,1,1,1,1,1,0,0,1,-1,1,-1
https://mondiai-transporteur.com/suivi-de-colis/265022126,1,0,1,1,1,-1,1,1,1,0,1,1,0,0,0,1,1,1,1,1,1,1,1,1,1,0,0,1,1,1,-1
https://portal.yu3.app/public/redirect/?u=eyJhbGciOiJSUzI1NiIsInR5cCI6IkpXVCJ9.eyJ0YXJnZXQiOiJVM0JoYlNCVlVrd2daR1YwWldOMFpXUTZJRk5QUTBsQlRGOUZUa2RKVGtWRlVrbE9Sdz09IiwiZXhwIjoxNzg0OTc4OTg5LCJpYXQiOjE3ODQ5Nzg5Mjl9.qxQGGHeYzc1M9UfSQHAQJF56Yo9zlcFtdkPkpQcYA3XmrcZvh5KM2rsnZFj-rVsDKlJXC0iXhhVNfT-_oY0nkAXdRALQxPTVGYjZM0csgsRh9LKCtbPeN5rNwf8C-oP8GzWQdpbwW3VcJsrIYqWwwM3Hir63aGmdQjhdxXboig82SeqDIH7252aiKC4eL59NyCH97hOwUJwqt_K2QSqPRXw8c2r-TfbrELcLc-G9dBDtIPdPhQcmLbvkyekRM_hpc1-BzaweIelMJVxpHAqZOyi5X2ZxzaPKnUgZqZ8eI2NbUqQ3l9YJYqjYk2nShmFmnKAeqlBea7mIYsYRY_sxxg&suspended=true,1,-1,1,1,1,1,-1,1,-1,1,1,1,0,0,0,1,1,1,1,1,1,1,1,-1,-1,0,0,1,1,1,-1
https://portal.yu3.app/public/redirect/?u=eyJhbGciOiJSUzI1NiIsInR5cCI6IkpXVCJ9.eyJ0YXJnZXQiOiJVM0JoYlNCVlVrd2daR1YwWldOMFpXUTZJRk5QUTBsQlRGOUZUa2RKVGtWRlVrbE9Sdz09IiwiZXhwIjoxNzg0OTY3MDk2LCJpYXQiOjE3ODQ5NjcwMzZ9.oP1L96__-pDxwoZZk_z_Er2cTLg5-8lO8bcwXO4l5f8El02TsNSxstdn7YnAvaUJyFBt2c6DqZu6IoKZRFBumqZqewR1pnKWmM_o78MYGTsPWehK-bZcS9pTk4XvWPfdzSsN-vre6KQe0pqcjNem40EGN9n6XzcH38eL5nzNqBemx8CgaoYnXoyJA6ViZr5Lk9F-NlEQZZjxbBhHGhtfkT_7SPifdOBIO8ufKmWetwwqWa-KIOMm8ZeJ6it3nhMrXzxVOxLg6tVWMbP_dF4IJonqVwMIaBLKs47XOlZcNqPNLaBjJCr0zz9UP0AVHnDkNeus1zk7aLs5JbPXbTRNbw&suspended=true,1,-1,1,1,1,1,-1,1,-1,1,1,1,0,0,0,1,1,1,1,1,1,1,1,-1,-1,0,0,1,1,1,-1
https://portal.yu3.app/public/redirect/?u=eyJhbGciOiJSUzI1NiIsInR5cCI6IkpXVCJ9.eyJ0YXJnZXQiOiJVM0JoYlNCVlVrd2daR1YwWldOMFpXUTZJRk5QUTBsQlRGOUZUa2RKVGtWRlVrbE9Sdz09IiwiZXhwIjoxNzg0OTEyMzEwLCJpYXQiOjE3ODQ5MTIyNTB9.mfBfnon3daiaE7RbBMX8NNSQR0B2VEJVRhYjm97FtP4LhDJYaD46XKvTprPjGc2qkzTTtbHq3wp6WiTf1AHBZvD0QOSCf4GC14twRDkRTbFfsZBwYRDUFkXsllizkomdrXjuR44FQ8Zrp6yXZHL5o9frhshdhMrNUxaQU2FmQ_2rSdF2v366EdVK6yE9SdEIXFM0ybmoT9SITpwo9ibMTonKXYUepewgAPzQO8XXcNo2lW32LiZjqSApEMxGiQLTK7nKJkibFulZsEQOt8LdBOpe1xpsvpmGyF57PsKbB7kdsDGiR1gwrug8ttir78GciqJqJIylIiXWrcjQQnhIYw&suspended=true,1,-1,1,1,1,1,-1,1,-1,1,1,1,0,0,0,1,1,1,1,1,1,1,1,-1,-1,0,0,1,1,1,-1
https://portal.yu3.app/public/redirect/?u=eyJhbGciOiJSUzI1NiIsInR5cCI6IkpXVCJ9.eyJ0YXJnZXQiOiJVM0JoYlNCVlVrd2daR1YwWldOMFpXUTZJRk5QUTBsQlRGOUZUa2RKVGtWRlVrbE9Sdz09IiwiZXhwIjoxNzg0OTM4MTE3LCJpYXQiOjE3ODQ5MzgwNTd9.SYaff-GpgUAhF-fHATpHFK_-_m7kJ5lQxYtQ2KCzvFydShGWXArSCuDf_x6R1_FWLKp2KxBXeL3DGIhlvEg_2CsF5CLaZ6HC7sXk7V4a1DFAfnGZRSeP2N6ODnDgTiF5V1fyDQ47Pc9XPwuRAzl_fQhmukoXk_-khEQPHYiH7T0ci-zCXlOS8uu2tMyxmT3wL4fDxGPjeFjNN6S_uxh_4v56weA1xtu095oejy4ePQAkrGEEHYc0KMFVdCsCsRue2IeRAKixOnfIR52PByl1PWiDCu-HUQ8WqjtyuCTIBXgLLLWK7C0iUDGMjzI7BM1uA6iOz0XcEvyBOJfvPePziA&suspended=true,1,-1,1,1,1,1,-1,1,-1,1,1,1,0,0,0,1,1,1,1,1,1,1,1,-1,-1,0,0,1,1,1,-1
https://portal.yu3.app/public/redirect/?u=eyJhbGciOiJSUzI1NiIsInR5cCI6IkpXVCJ9.eyJ0YXJnZXQiOiJhSFIwY0hNNkx5OW9iUzV5ZFM4eFJscEhObW89IiwiZXhwIjoxNzg0OTE2NDYzLCJpYXQiOjE3ODQ5MTY0MDN9.pMum3FuLklJi2Q2nSQOfYEMrFI2WHuQNaufh8jHEOWIuM6W4zUyUXdd7qO5j5AEQx4SjLi2taVMjgVHD2XvS1rkGLo6hCQtAC5ZrmB5n9EWDNcRQmcFtGMG9d8i2Buz-0k0MpWJUpCcGdCOfgnuZYxb9UlGMt9UeHF8_2N5okgvJZ6j12qFM1Hx9MK3n6fwbohD6xKcKLpjJwXK0HenXnxxvLEAKcSdTx4UZnmpEcxfbdkOLTjDk-3VKXj9zJX6ZamrmmXOiwVrMsGj7ArZ7gH95EfH8UXuDsZ_1VXnaWw9kMV-k0-ynsotu8ISHIyIok4nIGpj5xTRSxJPmrwm_mA,1,-1,1,1,1,1,-1,1,-1,1,1,1,0,0,0,1,1,1,1,1,1,1,1,-1,-1,0,0,1,1,1,-1
https://portal.yu3.app/public/redirect/?u=eyJhbGciOiJSUzI1NiIsInR5cCI6IkpXVCJ9.eyJ0YXJnZXQiOiJhSFIwY0hNNkx5OW9iUzV5ZFM4eFJscEhObW89IiwiZXhwIjoxNzg0OTQzNTg1LCJpYXQiOjE3ODQ5NDM1MjV9.QuPmWczfDWB19KHBQONfeYekcpuJ-QlNo-0Zt4Qv47cBHA10l0CbLeeDMtK_v8plfeOfIyorDEQapHiCeOkMgf13yqZ8JUs9nrNIAS-F4gcyAdTL8OPipqt1D27eFELdH60kCxEMNJol3-j2Fhukq5lVXsC9gPDFyIjy1EJuDcLzAuy-SdM_fxPiv2npXaG342mMXAz8VBpBraE2LN_ZGx-qrzjDRrlWvP51yHiuhXREHLdNuSxbhHDNU7KNrvy8LAdRdCYL8KZ6snNApeePWDwN0wvrbXPvAk7XCZGoehEcVilZesAqaYp-kDNCq_ZmacP2ZWG0P8Q0TkqNB7h2Uw,1,-1,1,1,1,1,-1,1,-1,1,1,1,0,0,0,1,1,1,1,1,1,1,1,-1,-1,0,0,1,1,1,-1
https://pgmglbr.shop/404.html,1,1,1,1,1,1,0,1,-1,0,1,1,-1,0,-1,0,0,1,-1,0,0,0,0,-1,-1,0,0,1,-1,1,-1
https://pageseuc1.actmkt.com/(S(gyhr0gz5rokycijmespu0utn))/l/c5X8MfZz6j9Y7Fto3LAd,1,-1,1,1,1,1,0,1,1,1,1,1,0,-1,0,0,1,1,1,1,1,1,1,1,1,0,0,1,0,1,-1
https://pageseuc1.actmkt.com/(S(hrugzt2clmt12lm500qi2f4t))/l/c5X8MfZz6j9Y7Fto3LAd,1,-1,1,1,1,1,0,1,1,1,1,1,0,-1,0,0,1,1,1,1,1,1,1,1,1,0,0,1,0,1,-1
https://qervexa-gld-lentora-a9v6fc25.pages.dev/,1,1,1,1,1,-1,0,1,-1,-1,1,1,0,-1,1,0,1,1,1,1,1,1,1,-1,-1,0,0,1,0,1,-1
https://portal.yu3.app/public/redirect/?u=eyJhbGciOiJSUzI1NiIsInR5cCI6IkpXVCJ9.eyJ0YXJnZXQiOiJhSFIwY0hNNkx5OW9iUzV5ZFM4eFJscEhObW89IiwiZXhwIjoxNzg0OTY1NjMwLCJpYXQiOjE3ODQ5NjU1NzB9.hXsNSfFVKFVtpqasdpboBtbngSBdlJVCe57kOgsikqmmnl03L5fMK1kGgkn7mSGGYeo_9KGSf2HDtyzjPjZjyPTNJkJKvL62bQopqxmNPDaLKxgoKgKG1guA85Gv8nzoXQJYBdXBakiLdK3uwtvoFOEcSrlPvrKd3GHg6AvoxcY6FDTLSGnOmtFcsWM8pJyCMhn79wlx3NQAu4GoLLL5oI3yB_tkpVa8XARxPP4cYc9kwBXbt8fZ98eRm6x_MXGutac2p4L4KzkTU_BMc_sF3247GPc6BR5MofNPuX5gHrx-6hdhMCqhw_9lZ7yio44v7rpeZA7WjJSC6GL0WesZwQ,1,-1,1,1,1,1,-1,1,-1,1,1,1,0,0,0,1,1,1,1,1,1,1,1,-1,-1,0,0,1,1,1,-1
https://portal.yu3.app/public/redirect/?u=eyJhbGciOiJSUzI1NiIsInR5cCI6IkpXVCJ9.eyJ0YXJnZXQiOiJhSFIwY0hNNkx5OW9iUzV5ZFM4eFJscEhObW89IiwiZXhwIjoxNzg0OTc0NzA4LCJpYXQiOjE3ODQ5NzQ2NDh9.UMxgxg7haJQpAShv82tow2BKBZ7L3auDFwcZxcNu-abanY8QPj3-fDZj9VpUg4jrA9jhUfj23zQ7OCycInNLUAg5Kn9SciULFfVbPXK4aFyKB7qlM8_rihjGXjDjkLfBnuSIdu8yVNCXSflRn2Eqy747qVUDNcDOb9BZIUsm5WFEHefyOYGf50kmSkagOWsVb7q5UftO27cTTwZmmrgTu6BlWoWTYJE_69ZnwIZtkRaaUyiRhuLz9OSMpoSLwehMGWqtgcJ5-8BEHhteqkR2eJytwpoPs9gcotQ5s2QaiUQX5__TbKKr44Qu-uVHPqcovDTunU493Qhzsx9gQWNlvg,1,-1,1,1,1,1,-1,1,-1,1,1,1,0,0,0,1,1,1,1,1,1,1,1,-1,-1,0,0,1,1,1,-1
https://polverse.pages.dev/,1,1,1,1,1,1,0,1,-1,1,1,1,-1,-1,-1,1,1,1,1,1,1,1,1,-1,-1,0,0,1,1,1,-1
https://pageseuc1.actmkt.com/(S(eiin501xiv3frgugevjheltk))/l/c5X8MfZz6j9Y7Fto3LAd,1,-1,1,1,1,1,0,1,1,1,1,1,0,-1,0,0,1,1,1,1,1,1,1,1,1,0,0,1,0,1,-1
https://pageseuc1.actmkt.com/(S(wk14yaezxzylzv0rk43imq3f))/l/c5X8MfZz6j9Y7Fto3LAd,1,-1,1,1,1,1,0,1,1,1,1,1,0,-1,0,0,1,1,1,1,1,1,1,1,1,0,0,1,0,1,-1
https://pageseuc1.actmkt.com/(S(t2cxp54gxlvkdii032mhybld))/l/c5X8MfZz6j9Y7Fto3LAd,1,-1,1,1,1,1,0,1,1,1,1,1,0,-1,0,0,1,1,1,1,1,1,1,1,1,0,0,1,0,1,-1
https://pageseuc1.actmkt.com/(S(pbz01mqpkfbnhvd44elhktbu))/l/c5X8MfZz6j9Y7Fto3LAd,1,-1,1,1,1,1,0,1,1,1,1,1,0,-1,0,0,1,1,1,1,1,1,1,1,1,0,0,1,0,1,-1
https://pageseuc1.actmkt.com/(S(qf5qar13ufv4rnfswrllckyv))/l/c5X8MfZz6j9Y7Fto3LAd,1,-1,1,1,1,1,0,1,1,1,1,1,0,-1,0,0,1,1,1,1,1,1,1,1,1,0,0,1,0,1,-1
https://pageseuc1.actmkt.com/(S(kwpcmakrdzzjskbf50k5ffys))/l/c5X8MfZz6j9Y7Fto3LAd,1,-1,1,1,1,1,0,1,1,1,1,1,0,-1,0,0,1,1,1,1,1,1,1,1,1,0,0,1,0,1,-1
https://pagos-accounting.co/,1,1,1,1,1,-1,1,1,1,1,1,1,0,-1,-1,1,1,1,1,1,1,1,1,-1,-1,0,0,1,-1,1,-1
https://science-economics-mentor.de/dawnaborg/,1,1,1,1,1,-1,1,1,-1,0,1,1,-1,0,0,1,1,1,1,1,1,1,1,-1,-1,0,0,1,1,1,-1
https://sp3ct-polqik-biz8-farnel-lusem.pages.dev/,1,1,1,1,1,-1,0,1,-1,-1,1,1,0,-1,1,0,1,1,1,1,1,1,1,-1,-1,0,0,1,0,1,-1
https://sp4ct-galmurex-biz8-forel-kasok.pages.dev/,1,1,1,1,1,-1,0,1,-1,-1,1,1,0,-1,1,0,1,1,1,1,1,1,1,-1,-1,0,0,1,0,1,-1
https://roblox.et/communities/6946372401/avatar-designers,1,0,1,1,1,1,1,1,-1,0,1,1,-1,0,-1,0,0,1,-1,0,0,0,0,-1,-1,0,0,1,-1,1,-1
https://sp4ct-qarvulen-biz8-surem-kafix.pages.dev/,1,1,1,1,1,-1,0,1,-1,-1,1,1,0,-1,1,0,1,1,1,1,1,1,1,-1,-1,0,0,1,0,1,-1
https://pegaixa.sbs/offer/,1,1,1,1,1,1,1,1,1,0,1,1,0,0,-1,1,1,1,1,1,1,1,1,-1,-1,0,0,1,1,1,-1
https://snapchat-plus.online/,1,1,1,1,1,-1,1,1,1,1,1,1,1,-1,-1,1,1,1,1,1,1,1,1,-1,-1,0,0,1,1,1,-1
https://secure-index-editor--lorenaadelaidav.replit.app/forgotpassword.html/forgotpassword.html/,1,-1,1,1,1,-1,-1,1,-1,1,1,1,1,-1,0,-1,1,1,1,1,1,1,1,-1,-1,0,0,1,0,1,-1
https://simple-security-page--kelvinmartins81.replit.app/forgotpassword.html/forgotpassword.html/,1,-1,1,1,1,-1,-1,1,-1,1,1,1,1,-1,0,-1,1,1,1,1,1,1,1,-1,-1,0,0,1,0,1,-1
https://sp4ct-zarvulen-biz8-durem-fasok.pages.dev/,1,1,1,1,1,-1,0,1,-1,-1,1,1,0,-1,1,0,1,1,1,1,1,1,1,-1,-1,0,0,1,0,1,-1
https://sp5ct-hurev-biz8-lorem-safik.pages.dev/,1,1,1,1,1,-1,0,1,-1,-1,1,1,0,-1,1,0,1,1,1,1,1,1,1,-1,-1,0,0,1,0,1,-1
https://rafikhaririuniversity.org/SVW_Fabrication/download.html,1,0,1,1,1,1,0,1,1,0,1,1,0,0,0,1,1,1,1,1,1,1,1,1,1,0,0,1,1,1,-1
https://sewingshedstroud.co.uk/ace/,1,1,1,1,1,1,0,1,1,1,1,1,-1,0,-1,1,1,1,1,1,1,1,1,1,1,0,0,1,-1,1,-1
https://phish-education.apwg.org/,1,1,1,1,1,-1,0,1,1,1,1,1,-1,-1,-1,1,1,1,1,1,1,1,1,1,1,0,0,1,-1,1,-1
https://search.brave.com/,1,1,1,1,1,1,0,1,1,1,1,1,-1,-1,-1,1,1,1,1,1,1,1,1,1,1,0,0,1,0,1,-1
https://suivre-mes-livraisons-mrelay.info/login_up.php,1,0,1,1,1,-1,0,1,-1,0,1,1,-1,0,-1,0,0,1,-1,0,0,0,0,-1,-1,0,0,1,-1,1,-1
https://telmora-gld-felmora-r2t3hp51.pages.dev/send_appeal_request,1,0,1,1,1,-1,0,1,-1,1,1,1,0,0,0,1,1,1,1,1,1,1,1,-1,-1,0,0,1,1,1,-1
https://telmora-gld-felmora-r2t3hp51.pages.dev/thn-yjm-uio-lkh?welcome=1437569073145374&stt=1437569073145374&name_stt=Mehta%20Publishing%20House,1,-1,1,1,1,-1,0,1,-1,1,1,1,0,0,0,1,1,1,1,1,1,1,1,-1,-1,0,0,1,1,1,-1
https://suscribe-prime.info/login_up.php?success_redirect_url=%2Findex.php,1,0,1,1,1,-1,-1,1,-1,0,1,1,-1,0,-1,0,0,1,-1,0,0,0,0,-1,-1,0,0,1,-1,1,-1
https://suscribe-prime.info/login_up.php,1,1,1,1,1,-1,0,1,-1,0,1,1,-1,0,-1,0,0,1,-1,0,0,0,0,-1,-1,0,0,1,-1,1,-1
https://suivre-mes-livraisons-mrelay.info/as.php,1,1,1,1,1,-1,0,1,-1,0,1,1,-1,0,-1,0,0,1,-1,0,0,0,0,-1,-1,0,0,1,-1,1,-1
https://shoshituktukrestaurant.com/wp-admin/Vista_Legal_Services/download.html,1,-1,1,1,1,1,0,1,1,0,1,1,0,0,0,1,1,1,1,1,1,1,1,1,1,0,0,1,1,1,-1
https://skinsmonkey.com?referrer=pid%3D1%26af_tranid%3DMTI3MDE0ODgxMzc2NDAyMTYyMzM%3D,1,-1,1,1,1,1,1,1,1,1,1,1,1,0,0,1,1,1,1,1,1,1,1,1,1,0,0,1,-1,1,-1
https://snapchat-login-secure.com/,1,1,1,1,1,-1,1,1,1,0,1,1,-1,-1,1,1,1,1,1,1,1,1,1,-1,-1,0,0,1,-1,1,-1
https://support-uphold-auths-secure.typedream.app/,1,1,1,1,1,-1,0,1,-1,1,1,1,0,-1,-1,1,1,1,1,1,1,1,1,-1,-1,0,0,1,0,1,-1
https://tesentia.de/Atelierstoneage/download.html,1,1,1,1,1,1,0,1,-1,0,1,1,-1,0,0,1,1,1,1,1,1,1,1,-1,-1,0,0,1,1,1,-1
https://starintl.co/reevesandgoff/,1,1,1,1,1,1,1,1,1,0,1,1,0,0,0,1,1,1,1,1,1,1,1,1,1,0,0,1,1,1,-1
https://skinsmonkey.com?referrer=af_tranid%3DMTE5MTI2NzEyNzEyODk4OTYyOTQ%3D%26pid%3D1,1,-1,1,1,1,1,1,1,1,1,1,1,1,0,0,1,1,1,1,1,1,1,1,1,1,0,0,1,-1,1,-1
https://tanuja-pandarkar.github.io/ansible-nginx-webdeployment/,1,0,1,1,1,-1,0,1,-1,1,1,1,1,-1,0,1,1,1,1,1,1,1,1,-1,-1,0,0,1,-1,1,-1
https://skinsmonkey.com?referrer=pid%3D1%26af_tranid%3DMTQ2MTI4NDk1NTQxNDg5NzM2NzM%3D,1,-1,1,1,1,1,1,1,1,1,1,1,1,0,0,1,1,1,1,1,1,1,1,1,1,0,0,1,-1,1,-1
https://skinsmonkey.com?referrer=pid%3D1%26af_tranid%3DMTI3MzA2NDgyMTgyMjE2NjQ3NDA%3D,1,-1,1,1,1,1,1,1,1,1,1,1,1,0,0,1,1,1,1,1,1,1,1,1,1,0,0,1,-1,1,-1
https://sujaypowertrans.com/bobllc/download.html,1,1,1,1,1,1,0,1,1,0,1,1,0,0,0,1,1,1,1,1,1,1,1,1,1,0,0,1,1,1,-1
https://suppor-tecni.webcindario.com/,1,1,1,1,1,-1,0,1,1,0,1,1,0,0,0,1,1,1,1,1,1,1,1,1,1,0,0,1,1,1,-1
https://sujaypowertrans.com/util/,1,1,1,1,1,1,1,1,1,0,1,1,0,0,0,1,1,1,1,1,1,1,1,1,1,0,0,1,1,1,-1
https://thesoarcenter.com/apfismn/download.html,1,1,1,1,1,1,0,1,1,0,1,1,0,0,0,1,1,1,1,1,1,1,1,1,1,0,0,1,1,1,-1
https://remove-violations.surge.sh/index.html,1,1,1,1,1,-1,-1,1,1,-1,1,1,0,-1,1,1,1,1,1,1,1,1,1,1,1,0,0,1,0,1,-1
https://thesoarcenter.com/apfismn/,1,1,1,1,1,1,1,1,1,0,1,1,0,0,0,1,1,1,1,1,1,1,1,1,1,0,0,1,1,1,-1
https://remove-violations.surge.sh/,1,1,1,1,1,-1,0,1,1,-1,1,1,0,-1,1,1,1,1,1,1,1,1,1,1,1,0,0,1,0,1,-1
https://tradexexpertfxcourse.com/wages/irstranscripviewer/download.html,1,0,1,1,1,1,0,1,1,0,1,1,0,0,0,1,1,1,1,1,1,1,1,1,1,0,0,1,1,1,-1
https://tradexexpertfxcourse.com/irstranscripviewer/,1,1,1,1,1,1,1,1,1,0,1,1,0,0,0,1,1,1,1,1,1,1,1,1,1,0,0,1,1,1,-1
https://tradexexpertfxcourse.com/fed/irstranscripviewer/download.html,1,0,1,1,1,1,0,1,1,0,1,1,0,0,0,1,1,1,1,1,1,1,1,1,1,0,0,1,1,1,-1
https://vckvjn.asia/login,1,1,1,1,1,1,1,1,1,0,1,1,0,0,0,1,1,1,1,1,1,1,1,1,1,0,0,1,1,1,-1
https://us9.campaign-archive.com/?u=34ce0cfbf37e24ee1aa2882ad&id=8e321b80a6,1,0,1,1,1,-1,0,1,1,1,1,1,1,1,0,1,1,1,1,1,1,1,1,1,1,0,0,1,-1,1,-1
https://us16.campaign-archive.com/?u=39e7beabd98a4d8f592f1fe71&id=d1b6b0c7c3,1,-1,1,1,1,-1,0,1,1,1,1,1,1,1,0,1,1,1,1,1,1,1,1,1,1,0,0,1,-1,1,-1
https://offers-codanews.mpayz.biz.id/,1,1,1,1,1,-1,-1,1,-1,0,1,1,-1,0,-1,0,0,1,-1,0,0,0,0,-1,-1,0,0,1,-1,1,-1
https://vercel.com/login?next=%2Fsso-api%3Furl%3Dhttps%253A%252F%252Finterface-uniswap.vercel.app%252F%26nonce%3D9ea95f4f6cbe66746a043af1ccc21b019ded69945120d89e754e338bb1ec3ed8,1,-1,1,1,1,1,-1,1,1,1,1,1,1,-1,-1,1,1,1,1,1,1,1,1,1,1,0,0,1,-1,1,-1
https://vercel.com/login?next=%2Fsso-api%3Furl%3Dhttps%253A%252F%252Fitau-mtl1cy76b-gamero-galons-projects.vercel.app%252F%26nonce%3D05c4e7e0dc23b3387da76d78aa38e5df03ca338bd13f69a80c457e781dc6e3ae,1,-1,1,1,1,1,-1,1,1,1,1,1,1,-1,-1,1,1,1,1,1,1,1,1,1,1,0,0,1,-1,1,-1
https://velmoravows.com/mjslandscapingservices/,1,1,1,1,1,1,1,1,1,0,1,1,-1,0,-1,0,0,1,-1,0,0,0,0,-1,-1,0,0,1,-1,1,-1
https://vercel.com/login?next=%2Fsso-api%3Furl%3Dhttps%253A%252F%252Fitau-mtl1cy76b-gamero-galons-projects.vercel.app%252F%26nonce%3D149a5196d9ca833577a195b227b9a710b1fb185481a8a745513756c30c5ca42a,1,-1,1,1,1,1,-1,1,1,1,1,1,1,-1,-1,1,1,1,1,1,1,1,1,1,1,0,0,1,-1,1,-1
https://vercel.com/login?next=%2Fsso-api%3Furl%3Dhttps%253A%252F%252Finterface-uniswap.vercel.app%252F%26nonce%3D6a05fe13e9d2f2569bdf725fd162c1a2f65c40a3a85db98ba6830314bc33dd60,1,-1,1,1,1,1,-1,1,1,1,1,1,1,-1,-1,1,1,1,1,1,1,1,1,1,1,0,0,1,-1,1,-1
https://vercel.com/login?next=%2Fsso-api%3Furl%3Dhttps%253A%252F%252Finterface-uniswap.vercel.app%252F%26nonce%3D342214b7ee0b2fd9cc1f4b02f247ceeffa13e2cd8a57578bc54bd23092eee7d3,1,-1,1,1,1,1,-1,1,1,1,1,1,1,-1,-1,1,1,1,1,1,1,1,1,1,1,0,0,1,-1,1,-1
https://vercel.com/login?next=%2Fsso-api%3Furl%3Dhttps%253A%252F%252Finterface-uniswap.vercel.app%252F%26nonce%3Dc6db2ef4e96bef1339ab9e4eed977e41f15222b1653da0c1cb9050efacb6b0e7,1,-1,1,1,1,1,-1,1,1,1,1,1,1,-1,-1,1,1,1,1,1,1,1,1,1,1,0,0,1,-1,1,-1
https://vercel.com/login?next=%2Fsso-api%3Furl%3Dhttps%253A%252F%252Fitau-mtl1cy76b-gamero-galons-projects.vercel.app%252F%26nonce%3D7fdde596dec53b77242bb0cf7f9709d43cdf4b655c2ece541493c7ea155ca8e0,1,-1,1,1,1,1,-1,1,1,1,1,1,1,-1,-1,1,1,1,1,1,1,1,1,1,1,0,0,1,-1,1,-1
https://vercel.com/login?next=%2Fsso-api%3Furl%3Dhttps%253A%252F%252Fitauclientes-57hno70tt-gamero-galons-projects.vercel.app%252F%26nonce%3D56d007a961af88491ee78d40e8efa7b20dbc0be93e81490308041b39e18c5a96,1,-1,1,1,1,1,-1,1,1,1,1,1,1,-1,-1,1,1,1,1,1,1,1,1,1,1,0,0,1,-1,1,-1
https://vercel.com/login?next=%2Fsso-api%3Furl%3Dhttps%253A%252F%252Fitau-mtl1cy76b-gamero-galons-projects.vercel.app%252F%26nonce%3Dab5c55c9c96bedf5bd492b05f58a324992aa6a12b6102dc5e4601838bf9b6368,1,-1,1,1,1,1,-1,1,1,1,1,1,1,-1,-1,1,1,1,1,1,1,1,1,1,1,0,0,1,-1,1,-1
https://vercel.com/login?next=%2Fsso-api%3Furl%3Dhttps%253A%252F%252Fitau-mtl1cy76b-gamero-galons-projects.vercel.app%252F%26nonce%3Defd2d8e42bf0ffe9901f1f63a59c9c226729797c05c7ae40982145a644051465,1,-1,1,1,1,1,-1,1,1,1,1,1,1,-1,-1,1,1,1,1,1,1,1,1,1,1,0,0,1,-1,1,-1
https://vercel.com/login?next=%2Fsso-api%3Furl%3Dhttps%253A%252F%252Fitauclientes-57hno70tt-gamero-galons-projects.vercel.app%252F%26nonce%3D869ff84c9e5eb8ac67614feeb67f0a8a09d3c5534cb204832e4f1c9f4fa07703,1,-1,1,1,1,1,-1,1,1,1,1,1,1,-1,-1,1,1,1,1,1,1,1,1,1,1,0,0,1,-1,1,-1
https://vercel.com/login?next=%2Fsso-api%3Furl%3Dhttps%253A%252F%252Fitauclientes-57hno70tt-gamero-galons-projects.vercel.app%252F%26nonce%3D4055a15ae1eedd50354fce6d75573f9d8b293eaa0c1c57d53187a0de772d48b2,1,-1,1,1,1,1,-1,1,1,1,1,1,1,-1,-1,1,1,1,1,1,1,1,1,1,1,0,0,1,-1,1,-1
https://vercel.com/login?next=%2Fsso-api%3Furl%3Dhttps%253A%252F%252Fitauclientes-57hno70tt-gamero-galons-projects.vercel.app%252F%26nonce%3Da0e6549bdda958a1b112d2ba0f62c4c60546d11b31d705e0f5a2b52aa0639e78,1,-1,1,1,1,1,-1,1,1,1,1,1,1,-1,-1,1,1,1,1,1,1,1,1,1,1,0,0,1,-1,1,-1
https://vercel.com/login?next=%2Fsso-api%3Furl%3Dhttps%253A%252F%252Fitauclientes-5dgntirlf-gamero-galons-projects.vercel.app%252F%26nonce%3D55b83589b2d0a748815ca11cbabcf8a8d96d8924a13cb54af3ef0b9e623fe44d,1,-1,1,1,1,1,-1,1,1,1,1,1,1,-1,-1,1,1,1,1,1,1,1,1,1,1,0,0,1,-1,1,-1
https://sgpepl.com/contte/,1,1,1,1,1,1,1,1,1,0,1,1,-1,0,-1,0,0,1,-1,0,0,0,0,1,1,0,0,1,-1,1,-1
https://vercel.com/login?next=%2Fsso-api%3Furl%3Dhttps%253A%252F%252Fitauclientes-57hno70tt-gamero-galons-projects.vercel.app%252F%26nonce%3Dbf97191f032ba6fe2721742de8276b9a266af2bf9e1cd995b4c58fb6bd6d4712,1,-1,1,1,1,1,-1,1,1,1,1,1,1,-1,-1,1,1,1,1,1,1,1,1,1,1,0,0,1,-1,1,-1
https://vercel.com/login?next=%2Fsso-api%3Furl%3Dhttps%253A%252F%252Fitauclientes-5dgntirlf-gamero-galons-projects.vercel.app%252F%26nonce%3D7edf8346317ea081c02d4f505fa8205ddd5c952d91650ccd05562a1dfe1eefe9,1,-1,1,1,1,1,-1,1,1,1,1,1,1,-1,-1,1,1,1,1,1,1,1,1,1,1,0,0,1,-1,1,-1
https://vercel.com/login?next=%2Fsso-api%3Furl%3Dhttps%253A%252F%252Fitauclientes-5dgntirlf-gamero-galons-projects.vercel.app%252F%26nonce%3D7b29664d56d05d1cd5d8006be545f88659a92482ce21e4a77d749c7b8836a79d,1,-1,1,1,1,1,-1,1,1,1,1,1,1,-1,-1,1,1,1,1,1,1,1,1,1,1,0,0,1,-1,1,-1
https://vercel.com/login?next=%2Fsso-api%3Furl%3Dhttps%253A%252F%252Fitauclientes-9neuh26h8-gamero-galons-projects.vercel.app%252F%26nonce%3D099c13ac7907aa2b939f581f5b6a3e538e0721bc9d065638b882465a1b58fdc1,1,-1,1,1,1,1,-1,1,1,1,1,1,1,-1,-1,1,1,1,1,1,1,1,1,1,1,0,0,1,-1,1,-1
https://vercel.com/login?next=%2Fsso-api%3Furl%3Dhttps%253A%252F%252Fitauclientes-5dgntirlf-gamero-galons-projects.vercel.app%252F%26nonce%3Dcb56f02de98d32560f2fef0ebbf561e10574639a8f656e21e670648d15fe9f1b,1,-1,1,1,1,1,-1,1,1,1,1,1,1,-1,-1,1,1,1,1,1,1,1,1,1,1,0,0,1,-1,1,-1
https://vercel.com/login?next=%2Fsso-api%3Furl%3Dhttps%253A%252F%252Fitauclientes-nqxep046f-gamero-galons-projects.vercel.app%252F%26nonce%3D964992a5111b038c658436f21a7761f30302e71b2db70916036f54afed4fa1b1,1,-1,1,1,1,1,-1,1,1,1,1,1,1,-1,-1,1,1,1,1,1,1,1,1,1,1,0,0,1,-1,1,-1
https://vercel.com/login?next=%2Fsso-api%3Furl%3Dhttps%253A%252F%252Fitauclientes-9neuh26h8-gamero-galons-projects.vercel.app%252F%26nonce%3D4b00bf930bfe370e111ec9903789b98fd7ee33574504c88a39b49a63476e5355,1,-1,1,1,1,1,-1,1,1,1,1,1,1,-1,-1,1,1,1,1,1,1,1,1,1,1,0,0,1,-1,1,-1
https://vercel.com/login?next=%2Fsso-api%3Furl%3Dhttps%253A%252F%252Fitauclientes-9neuh26h8-gamero-galons-projects.vercel.app%252F%26nonce%3Daa770ea0399f210279bc5726e04b02ab71499aedaa87099cfdf90a4eb5aff528,1,-1,1,1,1,1,-1,1,1,1,1,1,1,-1,-1,1,1,1,1,1,1,1,1,1,1,0,0,1,-1,1,-1
https://vercel.com/login?next=%2Fsso-api%3Furl%3Dhttps%253A%252F%252Fitauclientes-9neuh26h8-gamero-galons-projects.vercel.app%252F%26nonce%3Dd8b37900ee4a76b1a11f7bf6f39037e28fbb3acfd678b2e4f7a2d6e6bfefbe27,1,-1,1,1,1,1,-1,1,1,1,1,1,1,-1,-1,1,1,1,1,1,1,1,1,1,1,0,0,1,-1,1,-1
https://vercel.com/login?next=%2Fsso-api%3Furl%3Dhttps%253A%252F%252Fitauclientes-nqxep046f-gamero-galons-projects.vercel.app%252F%26nonce%3Da7c4412f35b371c409988ecc7ab87f2cf1d2580e28a683efacd4fcffc484bf2f,1,-1,1,1,1,1,-1,1,1,1,1,1,1,-1,-1,1,1,1,1,1,1,1,1,1,1,0,0,1,-1,1,-1
https://vercel.com/login?next=%2Fsso-api%3Furl%3Dhttps%253A%252F%252Fitauclientes-nqxep046f-gamero-galons-projects.vercel.app%252F%26nonce%3D6c54110ef80710709d823df3a49b23cef73cbb369ef48e832bf97d6f0feb854d,1,-1,1,1,1,1,-1,1,1,1,1,1,1,-1,-1,1,1,1,1,1,1,1,1,1,1,0,0,1,-1,1,-1
https://vercel.com/login?next=%2Fsso-api%3Furl%3Dhttps%253A%252F%252Fitauclientes-nqxep046f-gamero-galons-projects.vercel.app%252F%26nonce%3D2ee657388ab0af8593d9687e7b831f3ca3daed2ea7037b48cf6c53156bfc4e9f,1,-1,1,1,1,1,-1,1,1,1,1,1,1,-1,-1,1,1,1,1,1,1,1,1,1,1,0,0,1,-1,1,-1
https://vercel.com/login?next=%2Fsso-api%3Furl%3Dhttps%253A%252F%252Fitauclientes-9neuh26h8-gamero-galons-projects.vercel.app%252F%26nonce%3D9d54fe66649348492cc0ae08a9732b86f12ae81e743928d17a42d665407ee6fc,1,-1,1,1,1,1,-1,1,1,1,1,1,1,-1,-1,1,1,1,1,1,1,1,1,1,1,0,0,1,-1,1,-1
https://weak-jade-xwgjmbeh.edgeone.dev/?naps,1,1,1,1,1,-1,0,1,-1,0,1,1,1,0,0,1,1,1,1,1,1,1,-1,-1,-1,0,0,1,1,1,-1
https://vickyadin.co.nz/mazzellacompanies/download.html,1,0,1,1,1,1,-1,1,-1,0,1,1,0,0,0,1,1,1,1,1,1,1,1,-1,-1,0,0,1,1,1,-1
https://wiizgood.com/vazquez/,1,1,1,1,1,1,1,1,1,0,1,1,0,0,0,1,1,1,1,1,1,1,1,1,1,0,0,1,1,1,-1
https://whop.com/checkout/plan_TQMOHUp7AzuJS/?session=ch_1F0s3iCZwZ7sUKM,1,0,1,1,1,1,1,1,1,1,1,1,-1,1,0,1,1,1,1,1,1,1,1,1,1,0,0,1,1,1,-1
https://whop.com/checkout/plan_TQMOHUp7AzuJS/?session=ch_xIumRSzDnTAXYvc,1,0,1,1,1,1,1,1,1,1,1,1,-1,1,0,1,1,1,1,1,1,1,1,1,1,0,0,1,1,1,-1
https://whop.com/checkout/plan_TQMOHUp7AzuJS/?session=ch_nrbyw521uVZHv68,1,0,1,1,1,1,1,1,1,1,1,1,-1,1,0,1,1,1,1,1,1,1,1,1,1,0,0,1,1,1,-1
https://whop.com/checkout/plan_TQMOHUp7AzuJS/?session=ch_vzzKXzRMilUrJwm,1,0,1,1,1,1,1,1,1,1,1,1,-1,1,0,1,1,1,1,1,1,1,1,1,1,0,0,1,1,1,-1
https://whop.com/checkout/plan_TQMOHUp7AzuJS/?session=ch_EKea4sDtyxYeZrK,1,0,1,1,1,1,1,1,1,1,1,1,-1,1,0,1,1,1,1,1,1,1,1,1,1,0,0,1,1,1,-1
https://whop.com/checkout/plan_bfWnViBV2lkoF/?session=ch_Nvmq39R7KdeMYwv,1,0,1,1,1,1,1,1,1,1,1,1,-1,1,0,1,1,1,1,1,1,1,1,1,1,0,0,1,1,1,-1
https://whop.com/checkout/plan_bfWnViBV2lkoF/?session=ch_7l0rLCqcTuU9FgG,1,0,1,1,1,1,1,1,1,1,1,1,-1,1,0,1,1,1,1,1,1,1,1,1,1,0,0,1,1,1,-1
https://whop.com/checkout/plan_bfWnViBV2lkoF/?session=ch_pV9GbkA2Bm5POhd,1,0,1,1,1,1,1,1,1,1,1,1,-1,1,0,1,1,1,1,1,1,1,1,1,1,0,0,1,1,1,-1
https://whop.com/checkout/plan_kfYvnhhhykOCI/?session=ch_jsAzgyZdhB28Bu1,1,0,1,1,1,1,1,1,1,1,1,1,-1,1,0,1,1,1,1,1,1,1,1,1,1,0,0,1,1,1,-1
https://whop.com/checkout/plan_kfYvnhhhykOCI/?session=ch_B56aM1jhnhXHxDF,1,0,1,1,1,1,1,1,1,1,1,1,-1,1,0,1,1,1,1,1,1,1,1,1,1,0,0,1,1,1,-1
https://whop.com/checkout/plan_kfYvnhhhykOCI/?session=ch_lY5H4MNN1LJEQKz,1,0,1,1,1,1,1,1,1,1,1,1,-1,1,0,1,1,1,1,1,1,1,1,1,1,0,0,1,1,1,-1
https://whop.com/checkout/plan_kfYvnhhhykOCI/?session=ch_QG6qOr2H4jMzdOL,1,0,1,1,1,1,1,1,1,1,1,1,-1,1,0,1,1,1,1,1,1,1,1,1,1,0,0,1,1,1,-1
https://vineyardofgrace.org/5live/download.html,1,1,1,1,1,1,0,1,1,1,1,1,-1,1,-1,1,-1,1,1,1,1,1,1,1,1,0,0,1,-1,1,-1
https://www.codelogr-two.vercel.app/,1,1,1,1,1,-1,-1,1,-1,0,1,1,-1,0,-1,0,0,1,-1,0,0,0,0,-1,-1,0,0,1,-1,1,-1
https://whop.com/checkout/plan_bfWnViBV2lkoF/?session=ch_PYaDR7FQsTaSYsm,1,0,1,1,1,1,1,1,1,1,1,1,-1,1,0,1,1,1,1,1,1,1,1,1,1,0,0,1,1,1,-1
https://whop.com/checkout/plan_kfYvnhhhykOCI/?session=ch_NDUwDiyr1louVSO,1,0,1,1,1,1,1,1,1,1,1,1,-1,1,0,1,1,1,1,1,1,1,1,1,1,0,0,1,1,1,-1
https://whop.com/checkout/plan_bfWnViBV2lkoF/?session=ch_x2z3AFKiGPEgXzo,1,0,1,1,1,1,1,1,1,1,1,1,-1,1,0,1,1,1,1,1,1,1,1,1,1,0,0,1,1,1,-1
https://www.830p.cn/?Nf7xwYcW23Oy&amp;type=jrepoint,1,1,1,1,1,1,0,1,1,0,1,1,-1,0,-1,0,0,1,-1,0,0,0,0,1,1,0,0,1,-1,1,-1
https://wslog.com.br/it/persone-e-famiglie/content/internet,1,0,1,1,1,1,0,1,1,0,1,1,0,0,0,1,1,1,1,1,1,1,1,1,1,0,0,1,1,1,-1
https://www.facebooke-login.blogspot.com/,1,1,1,1,1,-1,-1,1,-1,0,1,1,-1,0,-1,0,0,1,-1,0,0,0,0,-1,-1,0,0,1,-1,1,-1
https://www.facebook-login-be.blogspot.com/,1,1,1,1,1,-1,-1,1,-1,0,1,1,-1,0,-1,0,0,1,-1,0,0,0,0,-1,-1,0,0,1,-1,1,-1
https://wintro.vu/secure/date/Adobe/,1,1,1,1,1,1,1,1,1,1,1,1,0,1,-1,1,1,1,1,1,1,1,1,-1,-1,0,0,1,-1,1,-1
https://www.frigosur.com.pe/adobe/download.html,1,1,1,1,1,1,-1,1,-1,0,1,1,-1,0,-1,0,0,1,-1,0,0,0,0,-1,-1,0,0,1,-1,1,-1
https://www.html-vs-markdown-llm.vercel.app/,1,1,1,1,1,-1,-1,1,-1,0,1,1,-1,0,-1,0,0,1,-1,0,0,0,0,-1,-1,0,0,1,-1,1,-1
https://www.facebooklogin01.blogspot.com/,1,1,1,1,1,1,-1,1,-1,0,1,1,-1,0,-1,0,0,1,-1,0,0,0,0,-1,-1,0,0,1,-1,1,-1
https://www.facebook-viideos-app-1.blogspot.com/,1,1,1,1,1,-1,-1,1,-1,0,1,1,-1,0,-1,0,0,1,-1,0,0,0,0,-1,-1,0,0,1,-1,1,-1
https://www.facebookloginguidance.blogspot.com/,1,1,1,1,1,1,-1,1,-1,0,1,1,-1,0,-1,0,0,1,-1,0,0,0,0,-1,-1,0,0,1,-1,1,-1
https://www.dadayhappy.com/Ecallan/,1,1,1,1,1,1,0,1,1,0,1,1,-1,0,-1,0,0,1,-1,0,0,0,0,-1,-1,0,0,1,-1,1,-1
https://votecat.org/,1,1,1,1,1,1,1,1,-1,1,1,1,0,0,0,1,1,1,1,1,1,1,1,-1,-1,0,0,1,1,1,-1
https://votersbase.org/,1,1,1,1,1,1,1,1,-1,0,1,1,0,0,0,1,1,1,1,1,1,1,1,-1,-1,0,0,1,1,1,-1
https://vercel.com/login?next=%2Fsso-api%3Furl%3Dhttps%253A%252F%252Fitauclientes-nqxep046f-gamero-galons-projects.vercel.app%252F%26nonce%3Ddf9086c75efcd4ee9cd6d55e0f3363e81ff9a79b5a83c0951eafd6899a11cb11,1,-1,1,1,1,1,-1,1,-1,1,1,1,1,-1,-1,1,1,1,1,1,1,1,1,-1,-1,0,0,1,-1,1,-1
https://www.mail3outlook.vercel.app/,1,1,1,1,1,1,-1,1,-1,0,1,1,-1,0,-1,0,0,1,-1,0,0,0,0,-1,-1,0,0,1,-1,1,-1
https://www.joshidiagnosticcentre.com/Secured28/download.html,1,0,1,1,1,1,-1,1,1,0,1,1,0,0,0,1,1,1,1,1,1,1,1,1,1,0,0,1,1,1,-1
https://www.joshidiagnosticcentre.com/securedaccess/download.html,1,0,1,1,1,1,-1,1,1,0,1,1,0,0,0,1,1,1,1,1,1,1,1,1,1,0,0,1,1,1,-1
https://www.bybitamlchecker.com/,1,1,1,1,1,1,0,1,1,-1,1,1,0,0,1,1,1,1,1,1,1,1,1,-1,-1,0,0,1,1,1,-1
https://www.bybitamlchecker.com/connect,1,1,1,1,1,1,0,1,1,-1,1,1,0,0,1,1,1,1,1,1,1,1,1,-1,-1,0,0,1,1,1,-1
https://www.all-set-invitaionhere.surge.sh/,1,1,1,1,1,-1,-1,1,1,0,1,1,-1,0,-1,0,0,1,-1,0,0,0,0,1,1,0,0,1,-1,1,-1
https://www.gobluemediaboost.com/,1,1,1,1,1,1,0,1,1,-1,1,1,1,-1,1,1,1,1,1,1,1,1,1,-1,-1,0,0,1,-1,1,-1
https://www.horsesmarts.net/store/,1,1,1,1,1,1,0,1,1,1,1,1,-1,1,0,1,1,1,1,1,1,1,1,1,1,0,0,1,-1,1,-1
https://www.ne12bradesconetempresapj.com/,1,1,1,1,1,1,0,1,1,0,1,1,-1,0,-1,0,0,1,-1,0,0,0,0,-1,-1,0,0,1,-1,1,-1
https://www.shardocmn.vercel.app/,1,1,1,1,1,1,-1,1,-1,0,1,1,-1,0,-1,0,0,1,-1,0,0,0,0,-1,-1,0,0,1,-1,1,-1
https://www.roblox.com.ml/users/245633510667/profile,1,1,1,1,1,1,-1,1,-1,-1,1,1,1,-1,1,1,1,1,1,1,1,1,1,-1,-1,0,0,1,-1,1,-1
https://www.pelosfilhos.com.br/real/,1,1,1,1,1,1,-1,1,1,0,1,1,0,0,0,1,1,1,1,1,1,1,1,1,1,0,0,1,1,1,-1
https://www.roblox.ly/games/8737602449/PLS-DONATE?privateServerLinkCode=67182664163045927889367614191580,1,-1,1,1,1,1,0,1,1,-1,1,1,1,-1,1,1,1,1,1,1,1,1,1,-1,-1,0,0,1,1,1,-1
https://www.roblox.com.bi/users/971999892083/profile,1,1,1,1,1,1,-1,1,1,-1,1,1,1,-1,1,1,1,1,1,1,1,1,1,-1,-1,0,0,1,-1,1,-1
https://www.settlementdomain.com/5DLFML8/S5T8TN8/?__rpt=0&__po=17304&__ptid=7cf60b86f82b443dbc6fb54145ff7c5c&__rpa=1&__rc=1&sub1=&sub2=&sub3=&sub4=&sub5=&sub6=&sub7=&sub8=&sub9=&sub10=&source_id=&__pcd=2,1,-1,1,1,1,1,0,1,1,0,1,1,-1,0,-1,0,0,1,-1,0,0,0,0,1,1,0,0,1,-1,1,-1
https://www.settlementdomain.com/5DLFML8/S5T8TN8/?__rpt=0&__po=17304&__ptid=2f7adfde0791410d8de780591b156c30&__rpa=1&__rc=1&sub1=&sub2=&sub3=&sub4=&sub5=&sub6=&sub7=&sub8=&sub9=&sub10=&source_id=&__pcd=2,1,-1,1,1,1,1,0,1,1,0,1,1,-1,0,-1,0,0,1,-1,0,0,0,0,1,1,0,0,1,-1,1,-1
https://www.settlementdomain.com/5DLFML8/S5T8TN8/?__rpt=0&__po=17304&__ptid=8ad2d8418e5c43159f65f3489d63e06f&__rpa=1&__rc=1&sub1=&sub2=&sub3=&sub4=&sub5=&sub6=&sub7=&sub8=&sub9=&sub10=&source_id=&__pcd=2,1,-1,1,1,1,1,0,1,1,0,1,1,-1,0,-1,0,0,1,-1,0,0,0,0,1,1,0,0,1,-1,1,-1
https://www.settlementdomain.com/5DLFML8/S5T8TN8/?__rpt=0&__po=17304&__ptid=e1433e8688c740fcadabc98d1930f670&__rpa=1&__rc=1&sub1=&sub2=&sub3=&sub4=&sub5=&sub6=&sub7=&sub8=&sub9=&sub10=&source_id=&__pcd=2,1,-1,1,1,1,1,0,1,1,0,1,1,-1,0,-1,0,0,1,-1,0,0,0,0,1,1,0,0,1,-1,1,-1
https://www.promisehospitals.com/winnn/,1,1,1,1,1,1,0,1,1,0,1,1,-1,0,-1,0,0,1,-1,0,0,0,0,1,1,0,0,1,-1,1,-1
https://www.ilimecorp.com/starktruss/,1,1,1,1,1,1,0,1,1,0,1,1,0,0,0,1,1,1,1,1,1,1,1,1,1,0,0,1,1,1,-1
https://www.taxreliefamerica.org/lo?campaign_id=461778&aff_id=562077&ad_id=0&aff_sub=821908&click_id=07_242618457_9707dd23-a31e-4888-97f9-b19f883f0339&AffiliateReferenceID=747882496,1,-1,1,1,1,1,0,1,1,1,1,1,1,-1,-1,1,1,1,1,1,1,1,1,1,1,0,0,1,0,1,-1
https://www.votecx.org/,1,1,1,1,1,1,0,1,1,1,1,1,0,0,0,1,1,1,1,1,1,1,1,-1,-1,0,0,1,1,1,-1
https://www.taxreliefamerica.org/lo?campaign_id=461778&aff_id=562077&ad_id=0&aff_sub=821908&click_id=07_242814381_99168d6e-545e-450c-82da-35232d03099b&AffiliateReferenceID=747882496,1,-1,1,1,1,1,0,1,1,1,1,1,1,-1,-1,1,1,1,1,1,1,1,1,1,1,0,0,1,0,1,-1
https://www.votesynch.org/,1,1,1,1,1,1,0,1,1,1,1,1,0,0,0,1,1,1,1,1,1,1,1,-1,-1,0,0,1,1,1,-1
https://www.votequests.org/,1,1,1,1,1,1,0,1,1,1,1,1,0,0,0,1,1,1,1,1,1,1,1,-1,-1,0,0,1,1,1,-1
https://www.youstandom38.info/,1,1,1,1,1,1,0,1,-1,0,1,1,-1,0,-1,0,0,1,-1,0,0,0,0,-1,-1,0,0,1,-1,1,-1
https://www.votesurf.org/,1,1,1,1,1,1,0,1,1,1,1,1,0,0,0,1,1,1,1,1,1,1,1,-1,-1,0,0,1,1,1,-1
https://www.voteway.org/,1,1,1,1,1,1,0,1,1,1,1,1,0,0,0,1,1,1,1,1,1,1,1,-1,-1,0,0,1,1,1,-1
https://www.lifetime-markapplynow-bluebadge.surge.sh/,1,1,1,1,1,-1,-1,1,1,0,1,1,-1,0,-1,0,0,1,-1,0,0,0,0,1,1,0,0,1,-1,1,-1
https://zedellivery.vercel.app/,1,1,1,1,1,1,0,1,-1,0,1,1,0,0,0,1,1,1,1,1,1,1,1,-1,-1,0,0,1,1,1,-1
https://yandex.ru/showcaptcha?cc=1&form-fb-hint=1.1&mt=68E5FB75623DC01B7FD14199310A6662B7B5CF61B3D12D31704070697166A92710F77EE3145D763B6DC3C18C3D85127B8E91F2ACE4ABB8D318EDD1775D9228D320D5915ED0E7A685CDE6AD2AB9ADC1FFA4792805EB4361CBA15C925906777351766EF52EC2EEC12DEF15B80B194553D2E5CB8A57269394355E10184C7BCA120B5405FC04580823BC7A8C730C54B92BB8CAC50DA6EFAE8D6E15A2225B41B5C347EECD85BD1930152CCFB393A235FC8C6D46F7CF3BDFFA09BEC4FD19B22CA26ECB01E314FC44118B41DB26B4436010BE487BB2B96BE280C7DA7A53D3BED211CEFC2AB5EA093F6036051E86F4B8888FAD868DF075&retpath=aHR0cHM6Ly95YW5kZXgucnUvc2VhcmNoP3RleHQ9MjExNjg3MTc%2C_c43611b96862ac1bb33738d73f187759&t=2%252F1784936880%252Fc3fbe7c433908e63a52f6d3a83a41b44&u=9104621945906973396&s=ebabf5866d619550c24b1b0cf125a65b,1,-1,1,1,1,1,0,1,1,0,1,1,-1,0,1,0,1,1,0,1,1,1,1,1,1,0,0,1,-1,1,-1
https://yandex.ru/showcaptchafast?d=417D305B263E586D36985573F66B4C8852735A17835184609E5C77F042000FEF58AC2A11858BBB953AE6A3A916A0AF57F0F6D5F8A1&retpath=aHR0cHM6Ly95YW5kZXgucnUvc2VhcmNoP3RleHQ9MjExNjg3MTc%2C_c43611b96862ac1bb33738d73f187759&s=745c2133ea0320cdf956c978745a9dd9,1,-1,1,1,1,1,1,1,1,-1,1,1,-1,-1,1,0,1,1,1,1,1,1,1,1,1,0,0,1,0,1,-1
https://www.serverbwll.com/3B6F21F/S5T8TN8/?__rpt=0&__po=18953&__ptid=ea5ab566390e4619a33e709ed40e3eaa&__rpa=1&__rc=1&sub1=5&sub2=&sub3=&sub4=&sub5=&sub6=&sub7=&sub8=&sub9=&sub10=&source_id=&__pcd=2,1,-1,1,1,1,1,0,1,1,0,1,1,0,0,0,1,1,1,1,1,1,1,1,1,1,0,0,1,1,1,-1
https://www.serverbwll.com/3B6F21F/S5T8TN8/?__rpt=0&__po=18953&__ptid=a920beb78ab342d39236bc4b7d989b9e&__rpa=1&__rc=1&sub1=5&sub2=&sub3=&sub4=&sub5=&sub6=&sub7=&sub8=&sub9=&sub10=&source_id=&__pcd=2,1,-1,1,1,1,1,0,1,1,0,1,1,0,0,0,1,1,1,1,1,1,1,1,1,1,0,0,1,1,1,-1
https://yandex.ru/showcaptchafast?d=4E7015B3499AFFE7B0EF31D18828628500017E45588AF2DABEAD1D8115B4D1A163AAEAF42AC1ECEA3D6B4D167C51D809BC30B21779&retpath=aHR0cHM6Ly95YW5kZXgucnUvc2VhcmNoP3RleHQ9MjExNjg3MTc%2C_c43611b96862ac1bb33738d73f187759&s=3124dab8b32f4b4ab758494d39a0c200,1,-1,1,1,1,1,1,1,1,-1,1,1,-1,-1,1,0,1,1,1,1,1,1,1,1,1,0,0,1,0,1,-1
https://www.serverbwll.com/3B6F21F/S5T8TN8/?__rpt=0&__po=18953&__ptid=35da1629b3c84efc938d0a2828f92500&__rpa=1&__rc=1&sub1=5&sub2=&sub3=&sub4=&sub5=&sub6=&sub7=&sub8=&sub9=&sub10=&source_id=&__pcd=2,1,-1,1,1,1,1,0,1,1,0,1,1,0,0,0,1,1,1,1,1,1,1,1,1,1,0,0,1,1,1,-1
https://www.serverbwll.com/3B6F21F/S5T8TN8/?__rpt=0&__po=18953&__ptid=44046bdeaebc4d1f9d403b26e61908b6&__rpa=1&__rc=1&sub1=5&sub2=&sub3=&sub4=&sub5=&sub6=&sub7=&sub8=&sub9=&sub10=&source_id=&__pcd=2,1,-1,1,1,1,1,0,1,1,0,1,1,0,0,0,1,1,1,1,1,1,1,1,1,1,0,0,1,1,1,-1
https://www.serverbwll.com/3B6F21F/S5T8TN8/?__rpt=0&__po=18953&__ptid=b9341bd6219f47559d04bab084da32e2&__rpa=1&__rc=1&sub1=5&sub2=&sub3=&sub4=&sub5=&sub6=&sub7=&sub8=&sub9=&sub10=&source_id=&__pcd=2,1,-1,1,1,1,1,0,1,1,0,1,1,0,0,0,1,1,1,1,1,1,1,1,1,1,0,0,1,1,1,-1
https://yandex.ru/showcaptchafast?d=708F0C2D1FEA9F14B174B921B55C764B296C4FDD6976D32AF7459865234B7FF5B2D5A38AEB3F87FEB777D3A4D11A9B033DAB5D7612&retpath=aHR0cHM6Ly95YW5kZXgucnUvc2VhcmNoP3RleHQ9MjExNjg3MTc%2C_c43611b96862ac1bb33738d73f187759&s=f69a23f1f6fc8fe29d1ea62a594bdc2d,1,-1,1,1,1,1,1,1,1,-1,1,1,-1,-1,1,0,1,1,1,1,1,1,1,1,1,0,0,1,0,1,-1
https://www.taxreliefamerica.org/lo?campaign_id=461778&aff_id=562077&ad_id=0&aff_sub=821908&click_id=07_243122884_4c439772-f49f-4780-89f7-c693e157e808&AffiliateReferenceID=747882496,1,-1,1,1,1,1,0,1,1,1,1,1,1,-1,-1,1,1,1,1,1,1,1,1,1,1,0,0,1,0,1,-1
https://www.taxreliefamerica.org/lo?campaign_id=461778&aff_id=562077&ad_id=0&aff_sub=821908&click_id=07_243208794_43e5d755-ed53-4d4b-8a45-dea8db113312&AffiliateReferenceID=747882496,1,-1,1,1,1,1,0,1,1,1,1,1,1,-1,-1,1,1,1,1,1,1,1,1,1,1,0,0,1,0,1,-1
https://www.taxreliefamerica.org/lo?campaign_id=461778&aff_id=562077&ad_id=0&aff_sub=821908&click_id=07_242997228_4b3111d2-df29-4b0a-bd68-45c3a66a1d6e&AffiliateReferenceID=747882496,1,-1,1,1,1,1,0,1,1,1,1,1,1,-1,-1,1,1,1,1,1,1,1,1,1,1,0,0,1,0,1,-1
https://yandex.ru/showcaptchafast?d=BAFCCFC3B6907B6A8DCC0BCFD1E9CFCF24CD798458D898F9470AA842AA260F2915E4D48B129FF4FFB537D08D55381B527729CD827B&retpath=aHR0cHM6Ly95YW5kZXgucnUvc2VhcmNoP3RleHQ9MjExNjg3MTc%2C_c43611b96862ac1bb33738d73f187759&s=5b4e6fa302376651bc00aa71738217a5,1,-1,1,1,1,1,1,1,1,-1,1,1,-1,-1,1,0,1,1,1,1,1,1,1,1,1,0,0,1,0,1,-1
https://www.vipjyff.com/,1,1,1,1,1,1,0,1,1,-1,1,1,0,0,1,1,1,1,1,1,1,1,1,-1,-1,0,0,1,1,1,-1
https://zesenik.com/,1,1,1,1,1,1,1,1,1,0,1,1,-1,0,-1,0,0,1,-1,0,0,0,0,-1,-1,0,0,1,-1,1,-1
